-- phpMyAdmin SQL Dump
-- version 5.2.2
-- https://www.phpmyadmin.net/
--
-- Host: 127.0.0.1:3306
-- Waktu pembuatan: 15 Bulan Mei 2025 pada 05.02
-- Versi server: 8.3.0
-- Versi PHP: 8.1.2-1ubuntu2.21

SET SQL_MODE = "NO_AUTO_VALUE_ON_ZERO";
START TRANSACTION;
SET time_zone = "+00:00";


/*!40101 SET @OLD_CHARACTER_SET_CLIENT=@@CHARACTER_SET_CLIENT */;
/*!40101 SET @OLD_CHARACTER_SET_RESULTS=@@CHARACTER_SET_RESULTS */;
/*!40101 SET @OLD_COLLATION_CONNECTION=@@COLLATION_CONNECTION */;
/*!40101 SET NAMES utf8mb4 */;

--
-- Database: `partoba_test`
--

-- --------------------------------------------------------

--
-- Struktur dari tabel `barangs`
--

CREATE TABLE `barangs` (
  `id_barang` bigint UNSIGNED NOT NULL,
  `nama` longtext,
  `satuan` longtext,
  `harga_pedagang1` double DEFAULT NULL,
  `harga_pedagang2` double DEFAULT NULL,
  `harga_pedagang3` double DEFAULT NULL,
  `harga_sebelumnya` double DEFAULT NULL,
  `harga_sekarang` double DEFAULT NULL,
  `alasan_perubahan` longtext,
  `category_id` bigint UNSIGNED DEFAULT NULL,
  `tanggal_update` datetime(3) DEFAULT NULL,
  `deleted_at` datetime(3) DEFAULT NULL
) ENGINE=InnoDB DEFAULT CHARSET=utf8mb4 COLLATE=utf8mb4_0900_ai_ci;

--
-- Dumping data untuk tabel `barangs`
--

INSERT INTO `barangs` (`id_barang`, `nama`, `satuan`, `harga_pedagang1`, `harga_pedagang2`, `harga_pedagang3`, `harga_sebelumnya`, `harga_sekarang`, `alasan_perubahan`, `category_id`, `tanggal_update`, `deleted_at`) VALUES
(39, 'Beras Medium', 'kg', NULL, NULL, NULL, 15000, 15000, NULL, 56, '2025-02-25 00:00:00.000', NULL),
(40, 'Beras IR20 Toba', 'kg', NULL, NULL, NULL, 15000, 15000, NULL, 56, '2025-02-25 00:00:00.000', NULL),
(41, 'Beras Toba', 'kg', NULL, NULL, NULL, 15625, 15625, NULL, 56, '2025-02-25 00:00:00.000', NULL),
(42, 'Beras SPHP (Bulog)', 'kg', NULL, NULL, NULL, 13100, 13100, NULL, 56, '2025-02-25 00:00:00.000', NULL),
(43, 'Kacang Kedelai Lokal', 'kg', NULL, NULL, NULL, 15000, 15000, NULL, 57, '2025-02-25 00:00:00.000', NULL),
(44, 'Cabe Merah Keriting', 'kg', NULL, NULL, NULL, 40000, 40000, NULL, 58, '2025-02-25 00:00:00.000', NULL),
(45, 'Cabe Rawit Merah', 'kg', NULL, NULL, NULL, 55000, 55000, NULL, 58, '2025-02-25 00:00:00.000', NULL),
(46, 'Cabe Rawit Hijau', 'kg', NULL, NULL, NULL, 50000, 50000, NULL, 58, '2025-02-25 00:00:00.000', NULL),
(47, 'Cabe Hijau', 'kg', NULL, NULL, NULL, 35000, 35000, NULL, 58, '2025-02-25 00:00:00.000', NULL),
(48, 'Bawang Merah Peking (Impor)', 'kg', NULL, NULL, NULL, 30000, 30000, NULL, 59, '2025-02-25 00:00:00.000', NULL),
(49, 'Bawang Merah', 'kg', NULL, NULL, NULL, 40000, 40000, NULL, 59, '2025-02-25 00:00:00.000', NULL),
(50, 'Bawang Putih', 'kg', NULL, NULL, NULL, 45000, 45000, NULL, 59, '2025-02-25 00:00:00.000', NULL),
(51, 'Bawang Bombay', 'kg', NULL, NULL, NULL, 35000, 35000, NULL, 59, '2025-02-25 00:00:00.000', NULL),
(52, 'Gula Pasir Curah', 'kg', NULL, NULL, NULL, 19000, 19000, NULL, 60, '2025-02-25 00:00:00.000', NULL),
(53, 'Gula Pasir Kemasan', 'kg', NULL, NULL, NULL, 21000, 21000, NULL, 60, '2025-02-25 00:00:00.000', NULL),
(54, 'Minyak Curah', 'liter', NULL, NULL, NULL, 18000, 18000, NULL, 61, '2025-02-25 00:00:00.000', NULL),
(55, 'Minyak Kemasan Premium', 'liter', NULL, NULL, NULL, 22000, 22000, NULL, 61, '2025-02-25 00:00:00.000', NULL),
(56, 'Minyak Kemasan Sederhana', 'liter', NULL, NULL, NULL, 19000, 19000, NULL, 61, '2025-02-25 00:00:00.000', NULL),
(57, 'Minyak Kita', 'liter', NULL, NULL, NULL, 17000, 17000, NULL, 61, '2025-02-25 00:00:00.000', NULL),
(58, 'Tepung Terigu Protein Rendah', 'kg', NULL, NULL, NULL, 15000, 15000, NULL, 62, '2025-02-25 00:00:00.000', NULL),
(59, 'Tepung Terigu Protein Sedang', 'kg', NULL, NULL, NULL, 15000, 15000, NULL, 62, '2025-02-25 00:00:00.000', NULL),
(60, 'Tepung Terigu Protein Tinggi', 'kg', NULL, NULL, NULL, 17000, 17000, NULL, 62, '2025-02-25 00:00:00.000', NULL),
(61, 'Ayam Broiler', 'kg', NULL, NULL, NULL, 33000, 33000, NULL, 63, '2025-02-25 00:00:00.000', NULL),
(62, 'Ayam Kampung', 'kg', NULL, NULL, NULL, 80000, 80000, NULL, 63, '2025-02-25 00:00:00.000', NULL),
(63, 'Ayam Potong', 'kg', NULL, NULL, NULL, 35000, 35000, NULL, 63, '2025-02-25 00:00:00.000', NULL),
(64, 'Daging Sapi Murni', 'kg', NULL, NULL, NULL, 150000, 150000, NULL, 64, '2025-02-25 00:00:00.000', NULL),
(65, 'Daging Kerbau Lokal', 'kg', NULL, NULL, NULL, 170000, 170000, NULL, 65, '2025-02-25 00:00:00.000', NULL),
(66, 'Telur Ayam Broiler', 'kg', NULL, NULL, NULL, 26600, 26600, NULL, 66, '2025-02-25 00:00:00.000', NULL),
(67, 'Telur Ayam Kampung', 'kg', NULL, NULL, NULL, 63000, 63000, NULL, 66, '2025-02-25 00:00:00.000', NULL),
(68, 'Ikan Segar Kembung', 'kg', NULL, NULL, NULL, 50000, 50000, NULL, 67, '2025-02-25 00:00:00.000', NULL),
(69, 'Ikan Segar Tongkol Biasa', 'kg', NULL, NULL, NULL, 38000, 38000, NULL, 67, '2025-02-25 00:00:00.000', NULL),
(70, 'Ikan Segar Tongkol Sisik', 'kg', NULL, NULL, NULL, 45000, 45000, NULL, 67, '2025-02-25 00:00:00.000', NULL),
(71, 'Ikan Tuna', 'kg', NULL, NULL, NULL, 50000, 50000, NULL, 67, '2025-02-25 00:00:00.000', NULL),
(72, 'Ikan Dencis', 'kg', NULL, NULL, NULL, 45000, 45000, NULL, 67, '2025-02-25 00:00:00.000', NULL),
(73, 'Ikan Asin Teri', 'kg', NULL, NULL, NULL, 100000, 100000, NULL, 68, '2025-02-25 00:00:00.000', NULL),
(74, 'Udang', 'kg', NULL, NULL, NULL, 100000, 100000, NULL, 69, '2025-02-25 00:00:00.000', NULL),
(75, 'Tempe Kedelai', 'kg', NULL, NULL, NULL, 20000, 20000, NULL, 70, '2025-02-25 00:00:00.000', NULL),
(76, 'Tahu Mentah Putih', 'kg', NULL, NULL, NULL, 12000, 12000, NULL, 71, '2025-02-25 00:00:00.000', NULL),
(77, 'Tomat', 'kg', NULL, NULL, NULL, 10000, 10000, NULL, 72, '2025-02-25 00:00:00.000', NULL),
(78, 'Ketimun', 'kg', NULL, NULL, NULL, 10000, 10000, NULL, 72, '2025-02-25 00:00:00.000', NULL),
(79, 'Sawi Hijau', 'kg', NULL, NULL, NULL, 10000, 10000, NULL, 72, '2025-02-25 00:00:00.000', NULL),
(80, 'Kangkung', 'kg', NULL, NULL, NULL, 10000, 10000, NULL, 72, '2025-02-25 00:00:00.000', NULL),
(81, 'Kacang Panjang', 'kg', NULL, NULL, NULL, 12000, 12000, NULL, 72, '2025-02-25 00:00:00.000', NULL),
(82, 'Kentang', 'kg', NULL, NULL, NULL, 18000, 18000, NULL, 72, '2025-02-25 00:00:00.000', NULL),
(83, 'Wortel', 'kg', NULL, NULL, NULL, 15000, 15000, NULL, 72, '2025-02-25 00:00:00.000', NULL),
(84, 'Pisang Lokal (Barangan)', 'kg', NULL, NULL, NULL, 10000, 10000, NULL, 73, '2025-02-25 00:00:00.000', NULL),
(85, 'Jeruk Lokal', 'kg', NULL, NULL, NULL, 20000, 20000, NULL, 73, '2025-02-25 00:00:00.000', NULL),
(86, 'Jagung Pipilan', 'kg', NULL, NULL, NULL, 5500, 5500, NULL, 74, '2025-02-25 00:00:00.000', NULL),
(87, 'Ketela Pohon', 'kg', NULL, NULL, NULL, 4000, 4000, NULL, 74, '2025-02-25 00:00:00.000', NULL),
(88, 'Mie Instan Kari (Indomie)', 'bks', NULL, NULL, NULL, 3500, 3500, NULL, 75, '2025-02-25 00:00:00.000', NULL),
(89, 'Garam Halus Beryodium', 'kg', NULL, NULL, NULL, 15000, 15000, NULL, 76, '2025-02-25 00:00:00.000', NULL),
(90, 'Susu Kental Manis Frisian Flag', 'kaleng', NULL, NULL, NULL, 14000, 14000, NULL, 77, '2025-02-25 00:00:00.000', NULL),
(91, 'Susu Bubuk Dancow Full Cream', 'kotak', NULL, NULL, NULL, 57000, 57000, NULL, 77, '2025-02-25 00:00:00.000', NULL),
(92, 'Susu Balita Sejenis SGM', 'kotak', NULL, NULL, NULL, 45000, 45000, NULL, 77, '2025-02-25 00:00:00.000', NULL),
(93, 'Kacang Tanah', 'kg', NULL, NULL, NULL, 40000, 40000, NULL, 57, '2025-02-25 00:00:00.000', NULL),
(94, 'Kacang Hijau', 'kg', NULL, NULL, NULL, 25000, 25000, NULL, 57, '2025-02-25 00:00:00.000', NULL),
(95, 'Ikan Mas', 'kg', NULL, NULL, NULL, 50000, 50000, NULL, NULL, '2025-02-25 00:00:00.000', NULL),
(96, 'Ikan Mujahir', 'kg', NULL, NULL, NULL, 35000, 35000, NULL, NULL, '2025-02-25 00:00:00.000', NULL),
(97, 'Ikan Lele', 'kg', NULL, NULL, NULL, 30000, 30000, NULL, NULL, '2025-02-25 00:00:00.000', NULL);

-- --------------------------------------------------------

--
-- Struktur dari tabel `barang_histories`
--

CREATE TABLE `barang_histories` (
  `id` bigint UNSIGNED NOT NULL,
  `barang_id` bigint UNSIGNED DEFAULT NULL,
  `harga_pedagang1` double DEFAULT NULL,
  `harga_pedagang2` double DEFAULT NULL,
  `harga_pedagang3` double DEFAULT NULL,
  `harga_sekarang` double DEFAULT NULL,
  `tanggal_update` datetime(3) DEFAULT NULL,
  `deleted_at` datetime(3) DEFAULT NULL
) ENGINE=InnoDB DEFAULT CHARSET=utf8mb4 COLLATE=utf8mb4_0900_ai_ci;

-- --------------------------------------------------------

--
-- Struktur dari tabel `categories`
--

CREATE TABLE `categories` (
  `id` bigint UNSIGNED NOT NULL,
  `name` longtext NOT NULL,
  `description` longtext
) ENGINE=InnoDB DEFAULT CHARSET=utf8mb4 COLLATE=utf8mb4_0900_ai_ci;

--
-- Dumping data untuk tabel `categories`
--

INSERT INTO `categories` (`id`, `name`, `description`) VALUES
(1, 'Daging', 'segala jenis daging'),
(56, 'Beras', 'Berbagai jenis beras lokal dan impor'),
(57, 'Kacang-kacangan', 'Berbagai jenis kacang termasuk kacang kedelai, kacang tanah, dan kacang hijau'),
(58, 'Cabai', 'Berbagai jenis cabai termasuk cabai merah keriting, cabai rawit, dan cabai hijau'),
(59, 'Bawang', 'Berbagai jenis bawang termasuk bawang merah, bawang putih, dan bawang bombay'),
(60, 'Gula', 'Berbagai jenis gula termasuk gula pasir curah dan kemasan'),
(61, 'Minyak Goreng', 'Berbagai jenis minyak goreng termasuk curah dan kemasan'),
(62, 'Tepung', 'Berbagai jenis tepung termasuk tepung terigu dengan berbagai kadar protein'),
(63, 'Daging Ayam', 'Berbagai jenis daging ayam termasuk ayam broiler, ayam kampung, dan ayam potong'),
(64, 'Daging Sapi', 'Daging sapi murni'),
(65, 'Daging Kerbau', 'Daging kerbau lokal'),
(66, 'Telur', 'Berbagai jenis telur termasuk telur ayam broiler dan telur ayam kampung'),
(67, 'Ikan Segar Laut', 'Berbagai jenis ikan segar laut termasuk kembung, tongkol, dan tuna'),
(68, 'Ikan Asin', 'Ikan yang diawetkan dengan garam'),
(69, 'Udang', 'Berbagai jenis udang'),
(70, 'Tempe', 'Tempe kedelai'),
(71, 'Tahu', 'Tahu mentah putih'),
(72, 'Sayuran', 'Berbagai jenis sayuran termasuk tomat, ketimun, sawi hijau, kangkung, dan wortel'),
(73, 'Buah-buahan', 'Berbagai jenis buah lokal termasuk pisang dan jeruk'),
(74, 'Bumbu Dapur', 'Berbagai jenis bumbu dapur termasuk ketela pohon'),
(75, 'Mie Instan', 'Berbagai jenis mie instan'),
(76, 'Garam', 'Garam halus beryodium'),
(77, 'Susu', 'Berbagai jenis susu termasuk susu kental manis, susu bubuk, dan susu balita');

-- --------------------------------------------------------

--
-- Struktur dari tabel `category_markets`
--

CREATE TABLE `category_markets` (
  `category_id` bigint UNSIGNED DEFAULT NULL,
  `market_id` bigint UNSIGNED DEFAULT NULL
) ENGINE=InnoDB DEFAULT CHARSET=utf8mb4 COLLATE=utf8mb4_0900_ai_ci;

--
-- Dumping data untuk tabel `category_markets`
--

INSERT INTO `category_markets` (`category_id`, `market_id`) VALUES
(1, 29),
(1, 28),
(1, 27),
(1, 26),
(1, 25),
(1, 24),
(1, 23),
(1, 22),
(1, 21),
(1, 20),
(56, 29),
(56, 28),
(56, 27),
(56, 26),
(56, 25),
(56, 24),
(56, 23),
(56, 22),
(56, 21),
(56, 20),
(57, 29),
(57, 28),
(57, 27),
(57, 26),
(57, 25),
(57, 24),
(57, 23),
(57, 22),
(57, 21),
(57, 20),
(58, 29),
(58, 28),
(58, 27),
(58, 26),
(58, 25),
(58, 24),
(58, 23),
(58, 22),
(58, 21),
(58, 20),
(59, 29),
(59, 28),
(59, 27),
(59, 26),
(59, 25),
(59, 24),
(59, 23),
(59, 22),
(59, 21),
(59, 20),
(60, 29),
(60, 28),
(60, 27),
(60, 26),
(60, 25),
(60, 24),
(60, 23),
(60, 22),
(60, 21),
(60, 20),
(61, 29),
(61, 28),
(61, 27),
(61, 26),
(61, 25),
(61, 24),
(61, 23),
(61, 22),
(61, 21),
(61, 20),
(62, 29),
(62, 28),
(62, 27),
(62, 26),
(62, 25),
(62, 24),
(62, 23),
(62, 22),
(62, 21),
(62, 20),
(63, 29),
(63, 28),
(63, 27),
(63, 26),
(63, 25),
(63, 24),
(63, 23),
(63, 22),
(63, 21),
(63, 20),
(64, 29),
(64, 28),
(64, 27),
(64, 26),
(64, 25),
(64, 24),
(64, 23),
(64, 22),
(64, 21),
(64, 20),
(65, 29),
(65, 28),
(65, 27),
(65, 26),
(65, 25),
(65, 24),
(65, 23),
(65, 22),
(65, 21),
(65, 20),
(66, 29),
(66, 28),
(66, 27),
(66, 26),
(66, 25),
(66, 24),
(66, 23),
(66, 22),
(66, 21),
(66, 20),
(67, 29),
(67, 28),
(67, 27),
(67, 26),
(67, 25),
(67, 24),
(67, 23),
(67, 22),
(67, 21),
(67, 20),
(68, 29),
(68, 28),
(68, 27),
(68, 26),
(68, 25),
(68, 24),
(68, 23),
(68, 22),
(68, 21),
(68, 20),
(69, 29),
(69, 28),
(69, 27),
(69, 26),
(69, 25),
(69, 24),
(69, 23),
(69, 22),
(69, 21),
(69, 20),
(70, 29),
(70, 28),
(70, 27),
(70, 26),
(70, 25),
(70, 24),
(70, 23),
(70, 22),
(70, 21),
(70, 20),
(71, 29),
(71, 28),
(71, 27),
(71, 26),
(71, 25),
(71, 24),
(71, 23),
(71, 22),
(71, 21),
(71, 20),
(72, 29),
(72, 28),
(72, 27),
(72, 26),
(72, 25),
(72, 24),
(72, 23),
(72, 22),
(72, 21),
(72, 20),
(73, 29),
(73, 28),
(73, 27),
(73, 26),
(73, 25),
(73, 24),
(73, 23),
(73, 22),
(73, 21),
(73, 20),
(74, 29),
(74, 28),
(74, 27),
(74, 26),
(74, 25),
(74, 24),
(74, 23),
(74, 22),
(74, 21),
(74, 20),
(75, 29),
(75, 28),
(75, 27),
(75, 26),
(75, 25),
(75, 24),
(75, 23),
(75, 22),
(75, 21),
(75, 20),
(76, 29),
(76, 28),
(76, 27),
(76, 26),
(76, 25),
(76, 24),
(76, 23),
(76, 22),
(76, 21),
(76, 20),
(77, 29),
(77, 28),
(77, 27),
(77, 26),
(77, 25),
(77, 24),
(77, 23),
(77, 22),
(77, 21),
(77, 20);

-- --------------------------------------------------------

--
-- Struktur dari tabel `markets`
--

CREATE TABLE `markets` (
  `id` bigint UNSIGNED NOT NULL,
  `name` longtext NOT NULL,
  `location` longtext NOT NULL,
  `image_url` longtext,
  `latitude` double DEFAULT '0',
  `longitude` double DEFAULT '0',
  `created_at` datetime(3) DEFAULT NULL,
  `updated_at` datetime(3) DEFAULT NULL,
  `deleted_at` datetime(3) DEFAULT NULL
) ENGINE=InnoDB DEFAULT CHARSET=utf8mb4 COLLATE=utf8mb4_0900_ai_ci;

--
-- Dumping data untuk tabel `markets`
--

INSERT INTO `markets` (`id`, `name`, `location`, `image_url`, `latitude`, `longitude`, `created_at`, `updated_at`, `deleted_at`) VALUES
(20, 'Pasar Porsea', 'Porsea, Kabupaten Toba, Sumatera Utara , Indonesia', 'images/markets/1747273872_download (1).jpeg', 2.4455434169698385, 99.15553542255665, '2025-05-15 08:51:13.276', '2025-05-15 08:53:25.735', NULL),
(21, 'Pasar Laguboti', 'Laguboti, Kabupaten Toba, Sumatera Utara, Indonesia', 'images/markets/1747277305_pasar laguboti.jpg', 2.3364, 99.153, '2025-05-15 02:15:44.000', '2025-05-15 09:48:27.866', NULL),
(22, 'Pasar Balige', 'Balige, Kabupaten Toba, Sumatera Utara, Indonesia', 'images/markets/1747277367_pasar balige.jpg', 2.3336, 99.0584, '2025-05-15 02:15:44.000', '2025-05-15 09:49:31.666', NULL),
(23, 'Pasar Silaen', 'Silaen, Kabupaten Toba, Sumatera Utara, Indonesia', 'images/markets/1747277468_pasar silaen.jpg', 2.3897, 99.0173, '2025-05-15 02:15:44.000', '2025-05-15 09:51:12.441', NULL),
(24, 'Pasar Lumban Julu', 'Lumban Julu, Kabupaten Toba, Sumatera Utara, Indonesia', 'images/markets/1747277582_pasar lumban julu.jpg', 2.5222, 98.9556, '2025-05-15 02:15:44.000', '2025-05-15 09:53:05.759', NULL),
(25, 'Pasar Ajibata', 'Ajibata, Kabupaten Toba, Sumatera Utara, Indonesia', 'images/markets/1747277634_pasar ajibata.jpg', 2.6107, 98.9319, '2025-05-15 02:15:44.000', '2025-05-15 09:53:57.278', NULL),
(26, 'Pasar Parmaksian', 'Parmaksian, Kabupaten Toba, Sumatera Utara, Indonesia', 'images/markets/1747277867_pasar parmaksian.jpeg', 2.4103, 99.1536, '2025-05-15 02:15:44.000', '2025-05-15 09:57:49.800', NULL),
(27, 'Pasar Habinsaran', 'Habinsaran, Kabupaten Toba, Sumatera Utara, Indonesia', 'images/markets/1747277997_pasar habinsaran.png', 2.2833, 99.2167, '2025-05-15 02:15:44.000', '2025-05-15 09:59:59.913', NULL),
(28, 'Pasar Silimbat', 'Silimbat, Kabupaten Toba, Sumatera Utara, Indonesia', 'images/markets/1747278045_pasar silimbat.jpg', 2.3781, 99.0453, '2025-05-15 02:15:44.000', '2025-05-15 10:00:48.494', NULL),
(29, 'Pasar Parsoburan', 'Parsoburan, Kabupaten Toba, Sumatera Utara, Indonesia', 'images/markets/1747278126_pasar parsoburan.jpg', 2.3025, 99.1042, '2025-05-15 02:15:44.000', '2025-05-15 10:02:09.805', NULL);

-- --------------------------------------------------------

--
-- Struktur dari tabel `market_officers`
--

CREATE TABLE `market_officers` (
  `id` bigint UNSIGNED NOT NULL,
  `name` longtext,
  `nik` varchar(255) DEFAULT NULL,
  `phone` longtext,
  `image_url` longtext,
  `username` varchar(255) DEFAULT NULL,
  `password` longtext,
  `market_id` bigint UNSIGNED DEFAULT NULL,
  `created_at` datetime(3) DEFAULT NULL,
  `updated_at` datetime(3) DEFAULT NULL,
  `is_active` tinyint(1) DEFAULT '1'
) ENGINE=InnoDB DEFAULT CHARSET=utf8mb4 COLLATE=utf8mb4_0900_ai_ci;

--
-- Dumping data untuk tabel `market_officers`
--

INSERT INTO `market_officers` (`id`, `name`, `nik`, `phone`, `image_url`, `username`, `password`, `market_id`, `created_at`, `updated_at`, `is_active`) VALUES
(36, 'Petugas Pasar Porsea', '1212070776565543', '081260009786', '', 'Petugas_Porsea', '', 20, '2025-05-15 08:55:57.768', '2025-05-15 08:55:57.768', 1);

-- --------------------------------------------------------

--
-- Struktur dari tabel `prices`
--

CREATE TABLE `prices` (
  `id` bigint UNSIGNED NOT NULL,
  `item_id` bigint UNSIGNED DEFAULT NULL,
  `item_name` longtext,
  `initial_price` double DEFAULT NULL,
  `current_price` double DEFAULT NULL,
  `change_percent` double DEFAULT NULL,
  `reason` longtext,
  `market_id` bigint UNSIGNED DEFAULT NULL,
  `category_id` bigint UNSIGNED DEFAULT NULL,
  `created_at` datetime(3) DEFAULT NULL,
  `updated_at` datetime(3) DEFAULT NULL,
  `deleted_at` datetime(3) DEFAULT NULL
) ENGINE=InnoDB DEFAULT CHARSET=utf8mb4 COLLATE=utf8mb4_0900_ai_ci;

--
-- Dumping data untuk tabel `prices`
--

INSERT INTO `prices` (`id`, `item_id`, `item_name`, `initial_price`, `current_price`, `change_percent`, `reason`, `market_id`, `category_id`, `created_at`, `updated_at`, `deleted_at`) VALUES
(26, NULL, 'Beras Medium', 15000, 15000, 0, NULL, 29, 56, '2025-05-15 02:19:08.000', '2025-05-15 02:19:08.000', NULL),
(27, NULL, 'Beras Medium', 15000, 15000, 0, NULL, 28, 56, '2025-05-15 02:19:08.000', '2025-05-15 02:19:08.000', NULL),
(28, NULL, 'Beras Medium', 15000, 15000, 0, NULL, 27, 56, '2025-05-15 02:19:08.000', '2025-05-15 02:19:08.000', NULL),
(29, NULL, 'Beras Medium', 15000, 15000, 0, NULL, 26, 56, '2025-05-15 02:19:08.000', '2025-05-15 02:19:08.000', NULL),
(30, NULL, 'Beras Medium', 15000, 15000, 0, NULL, 25, 56, '2025-05-15 02:19:08.000', '2025-05-15 02:19:08.000', NULL),
(31, NULL, 'Beras Medium', 15000, 15000, 0, NULL, 24, 56, '2025-05-15 02:19:08.000', '2025-05-15 02:19:08.000', NULL),
(32, NULL, 'Beras Medium', 15000, 15000, 0, NULL, 23, 56, '2025-05-15 02:19:08.000', '2025-05-15 02:19:08.000', NULL),
(33, NULL, 'Beras Medium', 15000, 15000, 0, NULL, 22, 56, '2025-05-15 02:19:08.000', '2025-05-15 02:19:08.000', NULL),
(34, NULL, 'Beras Medium', 15000, 15000, 0, NULL, 21, 56, '2025-05-15 02:19:08.000', '2025-05-15 02:19:08.000', NULL),
(35, NULL, 'Beras Medium', 15000, 15000, 0, NULL, 20, 56, '2025-05-15 02:19:08.000', '2025-05-15 02:19:08.000', NULL),
(36, NULL, 'Beras IR20 Toba', 15000, 15000, 0, NULL, 29, 56, '2025-05-15 02:19:08.000', '2025-05-15 02:19:08.000', NULL),
(37, NULL, 'Beras IR20 Toba', 15000, 15000, 0, NULL, 28, 56, '2025-05-15 02:19:08.000', '2025-05-15 02:19:08.000', NULL),
(38, NULL, 'Beras IR20 Toba', 15000, 15000, 0, NULL, 27, 56, '2025-05-15 02:19:08.000', '2025-05-15 02:19:08.000', NULL),
(39, NULL, 'Beras IR20 Toba', 15000, 15000, 0, NULL, 26, 56, '2025-05-15 02:19:08.000', '2025-05-15 02:19:08.000', NULL),
(40, NULL, 'Beras IR20 Toba', 15000, 15000, 0, NULL, 25, 56, '2025-05-15 02:19:08.000', '2025-05-15 02:19:08.000', NULL),
(41, NULL, 'Beras IR20 Toba', 15000, 15000, 0, NULL, 24, 56, '2025-05-15 02:19:08.000', '2025-05-15 02:19:08.000', NULL),
(42, NULL, 'Beras IR20 Toba', 15000, 15000, 0, NULL, 23, 56, '2025-05-15 02:19:08.000', '2025-05-15 02:19:08.000', NULL),
(43, NULL, 'Beras IR20 Toba', 15000, 15000, 0, NULL, 22, 56, '2025-05-15 02:19:08.000', '2025-05-15 02:19:08.000', NULL),
(44, NULL, 'Beras IR20 Toba', 15000, 15000, 0, NULL, 21, 56, '2025-05-15 02:19:08.000', '2025-05-15 02:19:08.000', NULL),
(45, NULL, 'Beras IR20 Toba', 15000, 15000, 0, NULL, 20, 56, '2025-05-15 02:19:08.000', '2025-05-15 02:19:08.000', NULL),
(46, NULL, 'Beras Toba', 15625, 15625, 0, NULL, 29, 56, '2025-05-15 02:19:08.000', '2025-05-15 02:19:08.000', NULL),
(47, NULL, 'Beras Toba', 15625, 15625, 0, NULL, 28, 56, '2025-05-15 02:19:08.000', '2025-05-15 02:19:08.000', NULL),
(48, NULL, 'Beras Toba', 15625, 15625, 0, NULL, 27, 56, '2025-05-15 02:19:08.000', '2025-05-15 02:19:08.000', NULL),
(49, NULL, 'Beras Toba', 15625, 15625, 0, NULL, 26, 56, '2025-05-15 02:19:08.000', '2025-05-15 02:19:08.000', NULL),
(50, NULL, 'Beras Toba', 15625, 15625, 0, NULL, 25, 56, '2025-05-15 02:19:08.000', '2025-05-15 02:19:08.000', NULL),
(51, NULL, 'Beras Toba', 15625, 15625, 0, NULL, 24, 56, '2025-05-15 02:19:08.000', '2025-05-15 02:19:08.000', NULL),
(52, NULL, 'Beras Toba', 15625, 15625, 0, NULL, 23, 56, '2025-05-15 02:19:08.000', '2025-05-15 02:19:08.000', NULL),
(53, NULL, 'Beras Toba', 15625, 15625, 0, NULL, 22, 56, '2025-05-15 02:19:08.000', '2025-05-15 02:19:08.000', NULL),
(54, NULL, 'Beras Toba', 15625, 15625, 0, NULL, 21, 56, '2025-05-15 02:19:08.000', '2025-05-15 02:19:08.000', NULL),
(55, NULL, 'Beras Toba', 15625, 15625, 0, NULL, 20, 56, '2025-05-15 02:19:08.000', '2025-05-15 02:19:08.000', NULL),
(56, NULL, 'Beras SPHP (Bulog)', 13100, 13100, 0, NULL, 29, 56, '2025-05-15 02:19:08.000', '2025-05-15 02:19:08.000', NULL),
(57, NULL, 'Beras SPHP (Bulog)', 13100, 13100, 0, NULL, 28, 56, '2025-05-15 02:19:08.000', '2025-05-15 02:19:08.000', NULL),
(58, NULL, 'Beras SPHP (Bulog)', 13100, 13100, 0, NULL, 27, 56, '2025-05-15 02:19:08.000', '2025-05-15 02:19:08.000', NULL),
(59, NULL, 'Beras SPHP (Bulog)', 13100, 13100, 0, NULL, 26, 56, '2025-05-15 02:19:08.000', '2025-05-15 02:19:08.000', NULL),
(60, NULL, 'Beras SPHP (Bulog)', 13100, 13100, 0, NULL, 25, 56, '2025-05-15 02:19:08.000', '2025-05-15 02:19:08.000', NULL),
(61, NULL, 'Beras SPHP (Bulog)', 13100, 13100, 0, NULL, 24, 56, '2025-05-15 02:19:08.000', '2025-05-15 02:19:08.000', NULL),
(62, NULL, 'Beras SPHP (Bulog)', 13100, 13100, 0, NULL, 23, 56, '2025-05-15 02:19:08.000', '2025-05-15 02:19:08.000', NULL),
(63, NULL, 'Beras SPHP (Bulog)', 13100, 13100, 0, NULL, 22, 56, '2025-05-15 02:19:08.000', '2025-05-15 02:19:08.000', NULL),
(64, NULL, 'Beras SPHP (Bulog)', 13100, 13100, 0, NULL, 21, 56, '2025-05-15 02:19:08.000', '2025-05-15 02:19:08.000', NULL),
(65, NULL, 'Beras SPHP (Bulog)', 13100, 13100, 0, NULL, 20, 56, '2025-05-15 02:19:08.000', '2025-05-15 02:19:08.000', NULL),
(66, NULL, 'Kacang Kedelai Lokal', 15000, 15000, 0, NULL, 29, 57, '2025-05-15 02:19:08.000', '2025-05-15 02:19:08.000', NULL),
(67, NULL, 'Kacang Kedelai Lokal', 15000, 15000, 0, NULL, 28, 57, '2025-05-15 02:19:08.000', '2025-05-15 02:19:08.000', NULL),
(68, NULL, 'Kacang Kedelai Lokal', 15000, 15000, 0, NULL, 27, 57, '2025-05-15 02:19:08.000', '2025-05-15 02:19:08.000', NULL),
(69, NULL, 'Kacang Kedelai Lokal', 15000, 15000, 0, NULL, 26, 57, '2025-05-15 02:19:08.000', '2025-05-15 02:19:08.000', NULL),
(70, NULL, 'Kacang Kedelai Lokal', 15000, 15000, 0, NULL, 25, 57, '2025-05-15 02:19:08.000', '2025-05-15 02:19:08.000', NULL),
(71, NULL, 'Kacang Kedelai Lokal', 15000, 15000, 0, NULL, 24, 57, '2025-05-15 02:19:08.000', '2025-05-15 02:19:08.000', NULL),
(72, NULL, 'Kacang Kedelai Lokal', 15000, 15000, 0, NULL, 23, 57, '2025-05-15 02:19:08.000', '2025-05-15 02:19:08.000', NULL),
(73, NULL, 'Kacang Kedelai Lokal', 15000, 15000, 0, NULL, 22, 57, '2025-05-15 02:19:08.000', '2025-05-15 02:19:08.000', NULL),
(74, NULL, 'Kacang Kedelai Lokal', 15000, 15000, 0, NULL, 21, 57, '2025-05-15 02:19:08.000', '2025-05-15 02:19:08.000', NULL),
(75, NULL, 'Kacang Kedelai Lokal', 15000, 15000, 0, NULL, 20, 57, '2025-05-15 02:19:08.000', '2025-05-15 02:19:08.000', NULL),
(76, NULL, 'Cabe Merah Keriting', 40000, 40000, 0, NULL, 29, 58, '2025-05-15 02:19:08.000', '2025-05-15 02:19:08.000', NULL),
(77, NULL, 'Cabe Merah Keriting', 40000, 40000, 0, NULL, 28, 58, '2025-05-15 02:19:08.000', '2025-05-15 02:19:08.000', NULL),
(78, NULL, 'Cabe Merah Keriting', 40000, 40000, 0, NULL, 27, 58, '2025-05-15 02:19:08.000', '2025-05-15 02:19:08.000', NULL),
(79, NULL, 'Cabe Merah Keriting', 40000, 40000, 0, NULL, 26, 58, '2025-05-15 02:19:08.000', '2025-05-15 02:19:08.000', NULL),
(80, NULL, 'Cabe Merah Keriting', 40000, 40000, 0, NULL, 25, 58, '2025-05-15 02:19:08.000', '2025-05-15 02:19:08.000', NULL),
(81, NULL, 'Cabe Merah Keriting', 40000, 40000, 0, NULL, 24, 58, '2025-05-15 02:19:08.000', '2025-05-15 02:19:08.000', NULL),
(82, NULL, 'Cabe Merah Keriting', 40000, 40000, 0, NULL, 23, 58, '2025-05-15 02:19:08.000', '2025-05-15 02:19:08.000', NULL),
(83, NULL, 'Cabe Merah Keriting', 40000, 40000, 0, NULL, 22, 58, '2025-05-15 02:19:08.000', '2025-05-15 02:19:08.000', NULL),
(84, NULL, 'Cabe Merah Keriting', 40000, 40000, 0, NULL, 21, 58, '2025-05-15 02:19:08.000', '2025-05-15 02:19:08.000', NULL),
(85, NULL, 'Cabe Merah Keriting', 40000, 40000, 0, NULL, 20, 58, '2025-05-15 02:19:08.000', '2025-05-15 02:19:08.000', NULL),
(86, NULL, 'Cabe Rawit Merah', 55000, 55000, 0, NULL, 29, 58, '2025-05-15 02:19:08.000', '2025-05-15 02:19:08.000', NULL),
(87, NULL, 'Cabe Rawit Merah', 55000, 55000, 0, NULL, 28, 58, '2025-05-15 02:19:08.000', '2025-05-15 02:19:08.000', NULL),
(88, NULL, 'Cabe Rawit Merah', 55000, 55000, 0, NULL, 27, 58, '2025-05-15 02:19:08.000', '2025-05-15 02:19:08.000', NULL),
(89, NULL, 'Cabe Rawit Merah', 55000, 55000, 0, NULL, 26, 58, '2025-05-15 02:19:08.000', '2025-05-15 02:19:08.000', NULL),
(90, NULL, 'Cabe Rawit Merah', 55000, 55000, 0, NULL, 25, 58, '2025-05-15 02:19:08.000', '2025-05-15 02:19:08.000', NULL),
(91, NULL, 'Cabe Rawit Merah', 55000, 55000, 0, NULL, 24, 58, '2025-05-15 02:19:08.000', '2025-05-15 02:19:08.000', NULL),
(92, NULL, 'Cabe Rawit Merah', 55000, 55000, 0, NULL, 23, 58, '2025-05-15 02:19:08.000', '2025-05-15 02:19:08.000', NULL),
(93, NULL, 'Cabe Rawit Merah', 55000, 55000, 0, NULL, 22, 58, '2025-05-15 02:19:08.000', '2025-05-15 02:19:08.000', NULL),
(94, NULL, 'Cabe Rawit Merah', 55000, 55000, 0, NULL, 21, 58, '2025-05-15 02:19:08.000', '2025-05-15 02:19:08.000', NULL),
(95, NULL, 'Cabe Rawit Merah', 55000, 55000, 0, NULL, 20, 58, '2025-05-15 02:19:08.000', '2025-05-15 02:19:08.000', NULL),
(96, NULL, 'Cabe Rawit Hijau', 50000, 50000, 0, NULL, 29, 58, '2025-05-15 02:19:08.000', '2025-05-15 02:19:08.000', NULL),
(97, NULL, 'Cabe Rawit Hijau', 50000, 50000, 0, NULL, 28, 58, '2025-05-15 02:19:08.000', '2025-05-15 02:19:08.000', NULL),
(98, NULL, 'Cabe Rawit Hijau', 50000, 50000, 0, NULL, 27, 58, '2025-05-15 02:19:08.000', '2025-05-15 02:19:08.000', NULL),
(99, NULL, 'Cabe Rawit Hijau', 50000, 50000, 0, NULL, 26, 58, '2025-05-15 02:19:08.000', '2025-05-15 02:19:08.000', NULL),
(100, NULL, 'Cabe Rawit Hijau', 50000, 50000, 0, NULL, 25, 58, '2025-05-15 02:19:08.000', '2025-05-15 02:19:08.000', NULL),
(101, NULL, 'Cabe Rawit Hijau', 50000, 50000, 0, NULL, 24, 58, '2025-05-15 02:19:08.000', '2025-05-15 02:19:08.000', NULL),
(102, NULL, 'Cabe Rawit Hijau', 50000, 50000, 0, NULL, 23, 58, '2025-05-15 02:19:08.000', '2025-05-15 02:19:08.000', NULL),
(103, NULL, 'Cabe Rawit Hijau', 50000, 50000, 0, NULL, 22, 58, '2025-05-15 02:19:08.000', '2025-05-15 02:19:08.000', NULL),
(104, NULL, 'Cabe Rawit Hijau', 50000, 50000, 0, NULL, 21, 58, '2025-05-15 02:19:08.000', '2025-05-15 02:19:08.000', NULL),
(105, NULL, 'Cabe Rawit Hijau', 50000, 50000, 0, NULL, 20, 58, '2025-05-15 02:19:08.000', '2025-05-15 02:19:08.000', NULL),
(106, NULL, 'Cabe Hijau', 35000, 35000, 0, NULL, 29, 58, '2025-05-15 02:19:08.000', '2025-05-15 02:19:08.000', NULL),
(107, NULL, 'Cabe Hijau', 35000, 35000, 0, NULL, 28, 58, '2025-05-15 02:19:08.000', '2025-05-15 02:19:08.000', NULL),
(108, NULL, 'Cabe Hijau', 35000, 35000, 0, NULL, 27, 58, '2025-05-15 02:19:08.000', '2025-05-15 02:19:08.000', NULL),
(109, NULL, 'Cabe Hijau', 35000, 35000, 0, NULL, 26, 58, '2025-05-15 02:19:08.000', '2025-05-15 02:19:08.000', NULL),
(110, NULL, 'Cabe Hijau', 35000, 35000, 0, NULL, 25, 58, '2025-05-15 02:19:08.000', '2025-05-15 02:19:08.000', NULL),
(111, NULL, 'Cabe Hijau', 35000, 35000, 0, NULL, 24, 58, '2025-05-15 02:19:08.000', '2025-05-15 02:19:08.000', NULL),
(112, NULL, 'Cabe Hijau', 35000, 35000, 0, NULL, 23, 58, '2025-05-15 02:19:08.000', '2025-05-15 02:19:08.000', NULL),
(113, NULL, 'Cabe Hijau', 35000, 35000, 0, NULL, 22, 58, '2025-05-15 02:19:08.000', '2025-05-15 02:19:08.000', NULL),
(114, NULL, 'Cabe Hijau', 35000, 35000, 0, NULL, 21, 58, '2025-05-15 02:19:08.000', '2025-05-15 02:19:08.000', NULL),
(115, NULL, 'Cabe Hijau', 35000, 35000, 0, NULL, 20, 58, '2025-05-15 02:19:08.000', '2025-05-15 02:19:08.000', NULL),
(116, NULL, 'Bawang Merah Peking (Impor)', 30000, 30000, 0, NULL, 29, 59, '2025-05-15 02:19:08.000', '2025-05-15 02:19:08.000', NULL),
(117, NULL, 'Bawang Merah Peking (Impor)', 30000, 30000, 0, NULL, 28, 59, '2025-05-15 02:19:08.000', '2025-05-15 02:19:08.000', NULL),
(118, NULL, 'Bawang Merah Peking (Impor)', 30000, 30000, 0, NULL, 27, 59, '2025-05-15 02:19:08.000', '2025-05-15 02:19:08.000', NULL),
(119, NULL, 'Bawang Merah Peking (Impor)', 30000, 30000, 0, NULL, 26, 59, '2025-05-15 02:19:08.000', '2025-05-15 02:19:08.000', NULL),
(120, NULL, 'Bawang Merah Peking (Impor)', 30000, 30000, 0, NULL, 25, 59, '2025-05-15 02:19:08.000', '2025-05-15 02:19:08.000', NULL),
(121, NULL, 'Bawang Merah Peking (Impor)', 30000, 30000, 0, NULL, 24, 59, '2025-05-15 02:19:08.000', '2025-05-15 02:19:08.000', NULL),
(122, NULL, 'Bawang Merah Peking (Impor)', 30000, 30000, 0, NULL, 23, 59, '2025-05-15 02:19:08.000', '2025-05-15 02:19:08.000', NULL),
(123, NULL, 'Bawang Merah Peking (Impor)', 30000, 30000, 0, NULL, 22, 59, '2025-05-15 02:19:08.000', '2025-05-15 02:19:08.000', NULL),
(124, NULL, 'Bawang Merah Peking (Impor)', 30000, 30000, 0, NULL, 21, 59, '2025-05-15 02:19:08.000', '2025-05-15 02:19:08.000', NULL),
(125, NULL, 'Bawang Merah Peking (Impor)', 30000, 30000, 0, NULL, 20, 59, '2025-05-15 02:19:08.000', '2025-05-15 02:19:08.000', NULL),
(126, NULL, 'Bawang Merah', 40000, 40000, 0, NULL, 29, 59, '2025-05-15 02:19:08.000', '2025-05-15 02:19:08.000', NULL),
(127, NULL, 'Bawang Merah', 40000, 40000, 0, NULL, 28, 59, '2025-05-15 02:19:08.000', '2025-05-15 02:19:08.000', NULL),
(128, NULL, 'Bawang Merah', 40000, 40000, 0, NULL, 27, 59, '2025-05-15 02:19:08.000', '2025-05-15 02:19:08.000', NULL),
(129, NULL, 'Bawang Merah', 40000, 40000, 0, NULL, 26, 59, '2025-05-15 02:19:08.000', '2025-05-15 02:19:08.000', NULL),
(130, NULL, 'Bawang Merah', 40000, 40000, 0, NULL, 25, 59, '2025-05-15 02:19:08.000', '2025-05-15 02:19:08.000', NULL),
(131, NULL, 'Bawang Merah', 40000, 40000, 0, NULL, 24, 59, '2025-05-15 02:19:08.000', '2025-05-15 02:19:08.000', NULL),
(132, NULL, 'Bawang Merah', 40000, 40000, 0, NULL, 23, 59, '2025-05-15 02:19:08.000', '2025-05-15 02:19:08.000', NULL),
(133, NULL, 'Bawang Merah', 40000, 40000, 0, NULL, 22, 59, '2025-05-15 02:19:08.000', '2025-05-15 02:19:08.000', NULL),
(134, NULL, 'Bawang Merah', 40000, 40000, 0, NULL, 21, 59, '2025-05-15 02:19:08.000', '2025-05-15 02:19:08.000', NULL),
(135, NULL, 'Bawang Merah', 40000, 40000, 0, NULL, 20, 59, '2025-05-15 02:19:08.000', '2025-05-15 02:19:08.000', NULL),
(136, NULL, 'Bawang Putih', 45000, 45000, 0, NULL, 29, 59, '2025-05-15 02:19:08.000', '2025-05-15 02:19:08.000', NULL),
(137, NULL, 'Bawang Putih', 45000, 45000, 0, NULL, 28, 59, '2025-05-15 02:19:08.000', '2025-05-15 02:19:08.000', NULL),
(138, NULL, 'Bawang Putih', 45000, 45000, 0, NULL, 27, 59, '2025-05-15 02:19:08.000', '2025-05-15 02:19:08.000', NULL),
(139, NULL, 'Bawang Putih', 45000, 45000, 0, NULL, 26, 59, '2025-05-15 02:19:08.000', '2025-05-15 02:19:08.000', NULL),
(140, NULL, 'Bawang Putih', 45000, 45000, 0, NULL, 25, 59, '2025-05-15 02:19:08.000', '2025-05-15 02:19:08.000', NULL),
(141, NULL, 'Bawang Putih', 45000, 45000, 0, NULL, 24, 59, '2025-05-15 02:19:08.000', '2025-05-15 02:19:08.000', NULL),
(142, NULL, 'Bawang Putih', 45000, 45000, 0, NULL, 23, 59, '2025-05-15 02:19:08.000', '2025-05-15 02:19:08.000', NULL),
(143, NULL, 'Bawang Putih', 45000, 45000, 0, NULL, 22, 59, '2025-05-15 02:19:08.000', '2025-05-15 02:19:08.000', NULL),
(144, NULL, 'Bawang Putih', 45000, 45000, 0, NULL, 21, 59, '2025-05-15 02:19:08.000', '2025-05-15 02:19:08.000', NULL),
(145, NULL, 'Bawang Putih', 45000, 45000, 0, NULL, 20, 59, '2025-05-15 02:19:08.000', '2025-05-15 02:19:08.000', NULL),
(146, NULL, 'Bawang Bombay', 35000, 35000, 0, NULL, 29, 59, '2025-05-15 02:19:08.000', '2025-05-15 02:19:08.000', NULL),
(147, NULL, 'Bawang Bombay', 35000, 35000, 0, NULL, 28, 59, '2025-05-15 02:19:08.000', '2025-05-15 02:19:08.000', NULL),
(148, NULL, 'Bawang Bombay', 35000, 35000, 0, NULL, 27, 59, '2025-05-15 02:19:08.000', '2025-05-15 02:19:08.000', NULL),
(149, NULL, 'Bawang Bombay', 35000, 35000, 0, NULL, 26, 59, '2025-05-15 02:19:08.000', '2025-05-15 02:19:08.000', NULL),
(150, NULL, 'Bawang Bombay', 35000, 35000, 0, NULL, 25, 59, '2025-05-15 02:19:08.000', '2025-05-15 02:19:08.000', NULL),
(151, NULL, 'Bawang Bombay', 35000, 35000, 0, NULL, 24, 59, '2025-05-15 02:19:08.000', '2025-05-15 02:19:08.000', NULL),
(152, NULL, 'Bawang Bombay', 35000, 35000, 0, NULL, 23, 59, '2025-05-15 02:19:08.000', '2025-05-15 02:19:08.000', NULL),
(153, NULL, 'Bawang Bombay', 35000, 35000, 0, NULL, 22, 59, '2025-05-15 02:19:08.000', '2025-05-15 02:19:08.000', NULL),
(154, NULL, 'Bawang Bombay', 35000, 35000, 0, NULL, 21, 59, '2025-05-15 02:19:08.000', '2025-05-15 02:19:08.000', NULL),
(155, NULL, 'Bawang Bombay', 35000, 35000, 0, NULL, 20, 59, '2025-05-15 02:19:08.000', '2025-05-15 02:19:08.000', NULL),
(156, NULL, 'Gula Pasir Curah', 19000, 19000, 0, NULL, 29, 60, '2025-05-15 02:19:08.000', '2025-05-15 02:19:08.000', NULL),
(157, NULL, 'Gula Pasir Curah', 19000, 19000, 0, NULL, 28, 60, '2025-05-15 02:19:08.000', '2025-05-15 02:19:08.000', NULL),
(158, NULL, 'Gula Pasir Curah', 19000, 19000, 0, NULL, 27, 60, '2025-05-15 02:19:08.000', '2025-05-15 02:19:08.000', NULL),
(159, NULL, 'Gula Pasir Curah', 19000, 19000, 0, NULL, 26, 60, '2025-05-15 02:19:08.000', '2025-05-15 02:19:08.000', NULL),
(160, NULL, 'Gula Pasir Curah', 19000, 19000, 0, NULL, 25, 60, '2025-05-15 02:19:08.000', '2025-05-15 02:19:08.000', NULL),
(161, NULL, 'Gula Pasir Curah', 19000, 19000, 0, NULL, 24, 60, '2025-05-15 02:19:08.000', '2025-05-15 02:19:08.000', NULL),
(162, NULL, 'Gula Pasir Curah', 19000, 19000, 0, NULL, 23, 60, '2025-05-15 02:19:08.000', '2025-05-15 02:19:08.000', NULL),
(163, NULL, 'Gula Pasir Curah', 19000, 19000, 0, NULL, 22, 60, '2025-05-15 02:19:08.000', '2025-05-15 02:19:08.000', NULL),
(164, NULL, 'Gula Pasir Curah', 19000, 19000, 0, NULL, 21, 60, '2025-05-15 02:19:08.000', '2025-05-15 02:19:08.000', NULL),
(165, NULL, 'Gula Pasir Curah', 19000, 19000, 0, NULL, 20, 60, '2025-05-15 02:19:08.000', '2025-05-15 02:19:08.000', NULL),
(166, NULL, 'Gula Pasir Kemasan', 21000, 21000, 0, NULL, 29, 60, '2025-05-15 02:19:08.000', '2025-05-15 02:19:08.000', NULL),
(167, NULL, 'Gula Pasir Kemasan', 21000, 21000, 0, NULL, 28, 60, '2025-05-15 02:19:08.000', '2025-05-15 02:19:08.000', NULL),
(168, NULL, 'Gula Pasir Kemasan', 21000, 21000, 0, NULL, 27, 60, '2025-05-15 02:19:08.000', '2025-05-15 02:19:08.000', NULL),
(169, NULL, 'Gula Pasir Kemasan', 21000, 21000, 0, NULL, 26, 60, '2025-05-15 02:19:08.000', '2025-05-15 02:19:08.000', NULL),
(170, NULL, 'Gula Pasir Kemasan', 21000, 21000, 0, NULL, 25, 60, '2025-05-15 02:19:08.000', '2025-05-15 02:19:08.000', NULL),
(171, NULL, 'Gula Pasir Kemasan', 21000, 21000, 0, NULL, 24, 60, '2025-05-15 02:19:08.000', '2025-05-15 02:19:08.000', NULL),
(172, NULL, 'Gula Pasir Kemasan', 21000, 21000, 0, NULL, 23, 60, '2025-05-15 02:19:08.000', '2025-05-15 02:19:08.000', NULL),
(173, NULL, 'Gula Pasir Kemasan', 21000, 21000, 0, NULL, 22, 60, '2025-05-15 02:19:08.000', '2025-05-15 02:19:08.000', NULL),
(174, NULL, 'Gula Pasir Kemasan', 21000, 21000, 0, NULL, 21, 60, '2025-05-15 02:19:08.000', '2025-05-15 02:19:08.000', NULL),
(175, NULL, 'Gula Pasir Kemasan', 21000, 21000, 0, NULL, 20, 60, '2025-05-15 02:19:08.000', '2025-05-15 02:19:08.000', NULL),
(176, NULL, 'Minyak Curah', 18000, 18000, 0, NULL, 29, 61, '2025-05-15 02:19:08.000', '2025-05-15 02:19:08.000', NULL),
(177, NULL, 'Minyak Curah', 18000, 18000, 0, NULL, 28, 61, '2025-05-15 02:19:08.000', '2025-05-15 02:19:08.000', NULL),
(178, NULL, 'Minyak Curah', 18000, 18000, 0, NULL, 27, 61, '2025-05-15 02:19:08.000', '2025-05-15 02:19:08.000', NULL),
(179, NULL, 'Minyak Curah', 18000, 18000, 0, NULL, 26, 61, '2025-05-15 02:19:08.000', '2025-05-15 02:19:08.000', NULL),
(180, NULL, 'Minyak Curah', 18000, 18000, 0, NULL, 25, 61, '2025-05-15 02:19:08.000', '2025-05-15 02:19:08.000', NULL),
(181, NULL, 'Minyak Curah', 18000, 18000, 0, NULL, 24, 61, '2025-05-15 02:19:08.000', '2025-05-15 02:19:08.000', NULL),
(182, NULL, 'Minyak Curah', 18000, 18000, 0, NULL, 23, 61, '2025-05-15 02:19:08.000', '2025-05-15 02:19:08.000', NULL),
(183, NULL, 'Minyak Curah', 18000, 18000, 0, NULL, 22, 61, '2025-05-15 02:19:08.000', '2025-05-15 02:19:08.000', NULL),
(184, NULL, 'Minyak Curah', 18000, 18000, 0, NULL, 21, 61, '2025-05-15 02:19:08.000', '2025-05-15 02:19:08.000', NULL),
(185, NULL, 'Minyak Curah', 18000, 18000, 0, NULL, 20, 61, '2025-05-15 02:19:08.000', '2025-05-15 02:19:08.000', NULL),
(186, NULL, 'Minyak Kemasan Premium', 22000, 22000, 0, NULL, 29, 61, '2025-05-15 02:19:08.000', '2025-05-15 02:19:08.000', NULL),
(187, NULL, 'Minyak Kemasan Premium', 22000, 22000, 0, NULL, 28, 61, '2025-05-15 02:19:08.000', '2025-05-15 02:19:08.000', NULL),
(188, NULL, 'Minyak Kemasan Premium', 22000, 22000, 0, NULL, 27, 61, '2025-05-15 02:19:08.000', '2025-05-15 02:19:08.000', NULL),
(189, NULL, 'Minyak Kemasan Premium', 22000, 22000, 0, NULL, 26, 61, '2025-05-15 02:19:08.000', '2025-05-15 02:19:08.000', NULL),
(190, NULL, 'Minyak Kemasan Premium', 22000, 22000, 0, NULL, 25, 61, '2025-05-15 02:19:08.000', '2025-05-15 02:19:08.000', NULL),
(191, NULL, 'Minyak Kemasan Premium', 22000, 22000, 0, NULL, 24, 61, '2025-05-15 02:19:08.000', '2025-05-15 02:19:08.000', NULL),
(192, NULL, 'Minyak Kemasan Premium', 22000, 22000, 0, NULL, 23, 61, '2025-05-15 02:19:08.000', '2025-05-15 02:19:08.000', NULL),
(193, NULL, 'Minyak Kemasan Premium', 22000, 22000, 0, NULL, 22, 61, '2025-05-15 02:19:08.000', '2025-05-15 02:19:08.000', NULL),
(194, NULL, 'Minyak Kemasan Premium', 22000, 22000, 0, NULL, 21, 61, '2025-05-15 02:19:08.000', '2025-05-15 02:19:08.000', NULL),
(195, NULL, 'Minyak Kemasan Premium', 22000, 22000, 0, NULL, 20, 61, '2025-05-15 02:19:08.000', '2025-05-15 02:19:08.000', NULL),
(196, NULL, 'Minyak Kemasan Sederhana', 19000, 19000, 0, NULL, 29, 61, '2025-05-15 02:19:08.000', '2025-05-15 02:19:08.000', NULL),
(197, NULL, 'Minyak Kemasan Sederhana', 19000, 19000, 0, NULL, 28, 61, '2025-05-15 02:19:08.000', '2025-05-15 02:19:08.000', NULL),
(198, NULL, 'Minyak Kemasan Sederhana', 19000, 19000, 0, NULL, 27, 61, '2025-05-15 02:19:08.000', '2025-05-15 02:19:08.000', NULL),
(199, NULL, 'Minyak Kemasan Sederhana', 19000, 19000, 0, NULL, 26, 61, '2025-05-15 02:19:08.000', '2025-05-15 02:19:08.000', NULL),
(200, NULL, 'Minyak Kemasan Sederhana', 19000, 19000, 0, NULL, 25, 61, '2025-05-15 02:19:08.000', '2025-05-15 02:19:08.000', NULL),
(201, NULL, 'Minyak Kemasan Sederhana', 19000, 19000, 0, NULL, 24, 61, '2025-05-15 02:19:08.000', '2025-05-15 02:19:08.000', NULL),
(202, NULL, 'Minyak Kemasan Sederhana', 19000, 19000, 0, NULL, 23, 61, '2025-05-15 02:19:08.000', '2025-05-15 02:19:08.000', NULL),
(203, NULL, 'Minyak Kemasan Sederhana', 19000, 19000, 0, NULL, 22, 61, '2025-05-15 02:19:08.000', '2025-05-15 02:19:08.000', NULL),
(204, NULL, 'Minyak Kemasan Sederhana', 19000, 19000, 0, NULL, 21, 61, '2025-05-15 02:19:08.000', '2025-05-15 02:19:08.000', NULL),
(205, NULL, 'Minyak Kemasan Sederhana', 19000, 19000, 0, NULL, 20, 61, '2025-05-15 02:19:08.000', '2025-05-15 02:19:08.000', NULL),
(206, NULL, 'Minyak Kita', 17000, 17000, 0, NULL, 29, 61, '2025-05-15 02:19:08.000', '2025-05-15 02:19:08.000', NULL),
(207, NULL, 'Minyak Kita', 17000, 17000, 0, NULL, 28, 61, '2025-05-15 02:19:08.000', '2025-05-15 02:19:08.000', NULL),
(208, NULL, 'Minyak Kita', 17000, 17000, 0, NULL, 27, 61, '2025-05-15 02:19:08.000', '2025-05-15 02:19:08.000', NULL),
(209, NULL, 'Minyak Kita', 17000, 17000, 0, NULL, 26, 61, '2025-05-15 02:19:08.000', '2025-05-15 02:19:08.000', NULL),
(210, NULL, 'Minyak Kita', 17000, 17000, 0, NULL, 25, 61, '2025-05-15 02:19:08.000', '2025-05-15 02:19:08.000', NULL),
(211, NULL, 'Minyak Kita', 17000, 17000, 0, NULL, 24, 61, '2025-05-15 02:19:08.000', '2025-05-15 02:19:08.000', NULL),
(212, NULL, 'Minyak Kita', 17000, 17000, 0, NULL, 23, 61, '2025-05-15 02:19:08.000', '2025-05-15 02:19:08.000', NULL),
(213, NULL, 'Minyak Kita', 17000, 17000, 0, NULL, 22, 61, '2025-05-15 02:19:08.000', '2025-05-15 02:19:08.000', NULL),
(214, NULL, 'Minyak Kita', 17000, 17000, 0, NULL, 21, 61, '2025-05-15 02:19:08.000', '2025-05-15 02:19:08.000', NULL),
(215, NULL, 'Minyak Kita', 17000, 17000, 0, NULL, 20, 61, '2025-05-15 02:19:08.000', '2025-05-15 02:19:08.000', NULL),
(216, NULL, 'Tepung Terigu Protein Rendah', 15000, 15000, 0, NULL, 29, 62, '2025-05-15 02:19:08.000', '2025-05-15 02:19:08.000', NULL),
(217, NULL, 'Tepung Terigu Protein Rendah', 15000, 15000, 0, NULL, 28, 62, '2025-05-15 02:19:08.000', '2025-05-15 02:19:08.000', NULL),
(218, NULL, 'Tepung Terigu Protein Rendah', 15000, 15000, 0, NULL, 27, 62, '2025-05-15 02:19:08.000', '2025-05-15 02:19:08.000', NULL),
(219, NULL, 'Tepung Terigu Protein Rendah', 15000, 15000, 0, NULL, 26, 62, '2025-05-15 02:19:08.000', '2025-05-15 02:19:08.000', NULL),
(220, NULL, 'Tepung Terigu Protein Rendah', 15000, 15000, 0, NULL, 25, 62, '2025-05-15 02:19:08.000', '2025-05-15 02:19:08.000', NULL),
(221, NULL, 'Tepung Terigu Protein Rendah', 15000, 15000, 0, NULL, 24, 62, '2025-05-15 02:19:08.000', '2025-05-15 02:19:08.000', NULL),
(222, NULL, 'Tepung Terigu Protein Rendah', 15000, 15000, 0, NULL, 23, 62, '2025-05-15 02:19:08.000', '2025-05-15 02:19:08.000', NULL),
(223, NULL, 'Tepung Terigu Protein Rendah', 15000, 15000, 0, NULL, 22, 62, '2025-05-15 02:19:08.000', '2025-05-15 02:19:08.000', NULL),
(224, NULL, 'Tepung Terigu Protein Rendah', 15000, 15000, 0, NULL, 21, 62, '2025-05-15 02:19:08.000', '2025-05-15 02:19:08.000', NULL),
(225, NULL, 'Tepung Terigu Protein Rendah', 15000, 15000, 0, NULL, 20, 62, '2025-05-15 02:19:08.000', '2025-05-15 02:19:08.000', NULL),
(226, NULL, 'Tepung Terigu Protein Sedang', 15000, 15000, 0, NULL, 29, 62, '2025-05-15 02:19:08.000', '2025-05-15 02:19:08.000', NULL),
(227, NULL, 'Tepung Terigu Protein Sedang', 15000, 15000, 0, NULL, 28, 62, '2025-05-15 02:19:08.000', '2025-05-15 02:19:08.000', NULL),
(228, NULL, 'Tepung Terigu Protein Sedang', 15000, 15000, 0, NULL, 27, 62, '2025-05-15 02:19:08.000', '2025-05-15 02:19:08.000', NULL),
(229, NULL, 'Tepung Terigu Protein Sedang', 15000, 15000, 0, NULL, 26, 62, '2025-05-15 02:19:08.000', '2025-05-15 02:19:08.000', NULL),
(230, NULL, 'Tepung Terigu Protein Sedang', 15000, 15000, 0, NULL, 25, 62, '2025-05-15 02:19:08.000', '2025-05-15 02:19:08.000', NULL),
(231, NULL, 'Tepung Terigu Protein Sedang', 15000, 15000, 0, NULL, 24, 62, '2025-05-15 02:19:08.000', '2025-05-15 02:19:08.000', NULL),
(232, NULL, 'Tepung Terigu Protein Sedang', 15000, 15000, 0, NULL, 23, 62, '2025-05-15 02:19:08.000', '2025-05-15 02:19:08.000', NULL),
(233, NULL, 'Tepung Terigu Protein Sedang', 15000, 15000, 0, NULL, 22, 62, '2025-05-15 02:19:08.000', '2025-05-15 02:19:08.000', NULL),
(234, NULL, 'Tepung Terigu Protein Sedang', 15000, 15000, 0, NULL, 21, 62, '2025-05-15 02:19:08.000', '2025-05-15 02:19:08.000', NULL),
(235, NULL, 'Tepung Terigu Protein Sedang', 15000, 15000, 0, NULL, 20, 62, '2025-05-15 02:19:08.000', '2025-05-15 02:19:08.000', NULL),
(236, NULL, 'Tepung Terigu Protein Tinggi', 17000, 17000, 0, NULL, 29, 62, '2025-05-15 02:19:08.000', '2025-05-15 02:19:08.000', NULL),
(237, NULL, 'Tepung Terigu Protein Tinggi', 17000, 17000, 0, NULL, 28, 62, '2025-05-15 02:19:08.000', '2025-05-15 02:19:08.000', NULL),
(238, NULL, 'Tepung Terigu Protein Tinggi', 17000, 17000, 0, NULL, 27, 62, '2025-05-15 02:19:08.000', '2025-05-15 02:19:08.000', NULL),
(239, NULL, 'Tepung Terigu Protein Tinggi', 17000, 17000, 0, NULL, 26, 62, '2025-05-15 02:19:08.000', '2025-05-15 02:19:08.000', NULL),
(240, NULL, 'Tepung Terigu Protein Tinggi', 17000, 17000, 0, NULL, 25, 62, '2025-05-15 02:19:08.000', '2025-05-15 02:19:08.000', NULL),
(241, NULL, 'Tepung Terigu Protein Tinggi', 17000, 17000, 0, NULL, 24, 62, '2025-05-15 02:19:08.000', '2025-05-15 02:19:08.000', NULL),
(242, NULL, 'Tepung Terigu Protein Tinggi', 17000, 17000, 0, NULL, 23, 62, '2025-05-15 02:19:08.000', '2025-05-15 02:19:08.000', NULL),
(243, NULL, 'Tepung Terigu Protein Tinggi', 17000, 17000, 0, NULL, 22, 62, '2025-05-15 02:19:08.000', '2025-05-15 02:19:08.000', NULL),
(244, NULL, 'Tepung Terigu Protein Tinggi', 17000, 17000, 0, NULL, 21, 62, '2025-05-15 02:19:08.000', '2025-05-15 02:19:08.000', NULL),
(245, NULL, 'Tepung Terigu Protein Tinggi', 17000, 17000, 0, NULL, 20, 62, '2025-05-15 02:19:08.000', '2025-05-15 02:19:08.000', NULL),
(246, NULL, 'Ayam Broiler', 33000, 33000, 0, NULL, 29, 63, '2025-05-15 02:19:08.000', '2025-05-15 02:19:08.000', NULL),
(247, NULL, 'Ayam Broiler', 33000, 33000, 0, NULL, 28, 63, '2025-05-15 02:19:08.000', '2025-05-15 02:19:08.000', NULL),
(248, NULL, 'Ayam Broiler', 33000, 33000, 0, NULL, 27, 63, '2025-05-15 02:19:08.000', '2025-05-15 02:19:08.000', NULL),
(249, NULL, 'Ayam Broiler', 33000, 33000, 0, NULL, 26, 63, '2025-05-15 02:19:08.000', '2025-05-15 02:19:08.000', NULL),
(250, NULL, 'Ayam Broiler', 33000, 33000, 0, NULL, 25, 63, '2025-05-15 02:19:08.000', '2025-05-15 02:19:08.000', NULL),
(251, NULL, 'Ayam Broiler', 33000, 33000, 0, NULL, 24, 63, '2025-05-15 02:19:08.000', '2025-05-15 02:19:08.000', NULL),
(252, NULL, 'Ayam Broiler', 33000, 33000, 0, NULL, 23, 63, '2025-05-15 02:19:08.000', '2025-05-15 02:19:08.000', NULL),
(253, NULL, 'Ayam Broiler', 33000, 33000, 0, NULL, 22, 63, '2025-05-15 02:19:08.000', '2025-05-15 02:19:08.000', NULL),
(254, NULL, 'Ayam Broiler', 33000, 33000, 0, NULL, 21, 63, '2025-05-15 02:19:08.000', '2025-05-15 02:19:08.000', NULL),
(255, NULL, 'Ayam Broiler', 33000, 33000, 0, NULL, 20, 63, '2025-05-15 02:19:08.000', '2025-05-15 02:19:08.000', NULL),
(256, NULL, 'Ayam Kampung', 80000, 80000, 0, NULL, 29, 63, '2025-05-15 02:19:08.000', '2025-05-15 02:19:08.000', NULL),
(257, NULL, 'Ayam Kampung', 80000, 80000, 0, NULL, 28, 63, '2025-05-15 02:19:08.000', '2025-05-15 02:19:08.000', NULL),
(258, NULL, 'Ayam Kampung', 80000, 80000, 0, NULL, 27, 63, '2025-05-15 02:19:08.000', '2025-05-15 02:19:08.000', NULL),
(259, NULL, 'Ayam Kampung', 80000, 80000, 0, NULL, 26, 63, '2025-05-15 02:19:08.000', '2025-05-15 02:19:08.000', NULL),
(260, NULL, 'Ayam Kampung', 80000, 80000, 0, NULL, 25, 63, '2025-05-15 02:19:08.000', '2025-05-15 02:19:08.000', NULL),
(261, NULL, 'Ayam Kampung', 80000, 80000, 0, NULL, 24, 63, '2025-05-15 02:19:08.000', '2025-05-15 02:19:08.000', NULL),
(262, NULL, 'Ayam Kampung', 80000, 80000, 0, NULL, 23, 63, '2025-05-15 02:19:08.000', '2025-05-15 02:19:08.000', NULL),
(263, NULL, 'Ayam Kampung', 80000, 80000, 0, NULL, 22, 63, '2025-05-15 02:19:08.000', '2025-05-15 02:19:08.000', NULL),
(264, NULL, 'Ayam Kampung', 80000, 80000, 0, NULL, 21, 63, '2025-05-15 02:19:08.000', '2025-05-15 02:19:08.000', NULL),
(265, NULL, 'Ayam Kampung', 80000, 80000, 0, NULL, 20, 63, '2025-05-15 02:19:08.000', '2025-05-15 02:19:08.000', NULL),
(266, NULL, 'Ayam Potong', 35000, 35000, 0, NULL, 29, 63, '2025-05-15 02:19:08.000', '2025-05-15 02:19:08.000', NULL),
(267, NULL, 'Ayam Potong', 35000, 35000, 0, NULL, 28, 63, '2025-05-15 02:19:08.000', '2025-05-15 02:19:08.000', NULL),
(268, NULL, 'Ayam Potong', 35000, 35000, 0, NULL, 27, 63, '2025-05-15 02:19:08.000', '2025-05-15 02:19:08.000', NULL),
(269, NULL, 'Ayam Potong', 35000, 35000, 0, NULL, 26, 63, '2025-05-15 02:19:08.000', '2025-05-15 02:19:08.000', NULL),
(270, NULL, 'Ayam Potong', 35000, 35000, 0, NULL, 25, 63, '2025-05-15 02:19:08.000', '2025-05-15 02:19:08.000', NULL),
(271, NULL, 'Ayam Potong', 35000, 35000, 0, NULL, 24, 63, '2025-05-15 02:19:08.000', '2025-05-15 02:19:08.000', NULL),
(272, NULL, 'Ayam Potong', 35000, 35000, 0, NULL, 23, 63, '2025-05-15 02:19:08.000', '2025-05-15 02:19:08.000', NULL),
(273, NULL, 'Ayam Potong', 35000, 35000, 0, NULL, 22, 63, '2025-05-15 02:19:08.000', '2025-05-15 02:19:08.000', NULL),
(274, NULL, 'Ayam Potong', 35000, 35000, 0, NULL, 21, 63, '2025-05-15 02:19:08.000', '2025-05-15 02:19:08.000', NULL),
(275, NULL, 'Ayam Potong', 35000, 35000, 0, NULL, 20, 63, '2025-05-15 02:19:08.000', '2025-05-15 02:19:08.000', NULL),
(276, NULL, 'Daging Sapi Murni', 150000, 150000, 0, NULL, 29, 64, '2025-05-15 02:19:08.000', '2025-05-15 02:19:08.000', NULL),
(277, NULL, 'Daging Sapi Murni', 150000, 150000, 0, NULL, 28, 64, '2025-05-15 02:19:08.000', '2025-05-15 02:19:08.000', NULL),
(278, NULL, 'Daging Sapi Murni', 150000, 150000, 0, NULL, 27, 64, '2025-05-15 02:19:08.000', '2025-05-15 02:19:08.000', NULL),
(279, NULL, 'Daging Sapi Murni', 150000, 150000, 0, NULL, 26, 64, '2025-05-15 02:19:08.000', '2025-05-15 02:19:08.000', NULL),
(280, NULL, 'Daging Sapi Murni', 150000, 150000, 0, NULL, 25, 64, '2025-05-15 02:19:08.000', '2025-05-15 02:19:08.000', NULL),
(281, NULL, 'Daging Sapi Murni', 150000, 150000, 0, NULL, 24, 64, '2025-05-15 02:19:08.000', '2025-05-15 02:19:08.000', NULL),
(282, NULL, 'Daging Sapi Murni', 150000, 150000, 0, NULL, 23, 64, '2025-05-15 02:19:08.000', '2025-05-15 02:19:08.000', NULL),
(283, NULL, 'Daging Sapi Murni', 150000, 150000, 0, NULL, 22, 64, '2025-05-15 02:19:08.000', '2025-05-15 02:19:08.000', NULL),
(284, NULL, 'Daging Sapi Murni', 150000, 150000, 0, NULL, 21, 64, '2025-05-15 02:19:08.000', '2025-05-15 02:19:08.000', NULL),
(285, NULL, 'Daging Sapi Murni', 150000, 150000, 0, NULL, 20, 64, '2025-05-15 02:19:08.000', '2025-05-15 02:19:08.000', NULL),
(286, NULL, 'Daging Kerbau Lokal', 170000, 170000, 0, NULL, 29, 65, '2025-05-15 02:19:08.000', '2025-05-15 02:19:08.000', NULL),
(287, NULL, 'Daging Kerbau Lokal', 170000, 170000, 0, NULL, 28, 65, '2025-05-15 02:19:08.000', '2025-05-15 02:19:08.000', NULL),
(288, NULL, 'Daging Kerbau Lokal', 170000, 170000, 0, NULL, 27, 65, '2025-05-15 02:19:08.000', '2025-05-15 02:19:08.000', NULL),
(289, NULL, 'Daging Kerbau Lokal', 170000, 170000, 0, NULL, 26, 65, '2025-05-15 02:19:08.000', '2025-05-15 02:19:08.000', NULL),
(290, NULL, 'Daging Kerbau Lokal', 170000, 170000, 0, NULL, 25, 65, '2025-05-15 02:19:08.000', '2025-05-15 02:19:08.000', NULL),
(291, NULL, 'Daging Kerbau Lokal', 170000, 170000, 0, NULL, 24, 65, '2025-05-15 02:19:08.000', '2025-05-15 02:19:08.000', NULL),
(292, NULL, 'Daging Kerbau Lokal', 170000, 170000, 0, NULL, 23, 65, '2025-05-15 02:19:08.000', '2025-05-15 02:19:08.000', NULL),
(293, NULL, 'Daging Kerbau Lokal', 170000, 170000, 0, NULL, 22, 65, '2025-05-15 02:19:08.000', '2025-05-15 02:19:08.000', NULL),
(294, NULL, 'Daging Kerbau Lokal', 170000, 170000, 0, NULL, 21, 65, '2025-05-15 02:19:08.000', '2025-05-15 02:19:08.000', NULL),
(295, NULL, 'Daging Kerbau Lokal', 170000, 170000, 0, NULL, 20, 65, '2025-05-15 02:19:08.000', '2025-05-15 02:19:08.000', NULL),
(296, NULL, 'Telur Ayam Broiler', 26600, 26600, 0, NULL, 29, 66, '2025-05-15 02:19:08.000', '2025-05-15 02:19:08.000', NULL),
(297, NULL, 'Telur Ayam Broiler', 26600, 26600, 0, NULL, 28, 66, '2025-05-15 02:19:08.000', '2025-05-15 02:19:08.000', NULL),
(298, NULL, 'Telur Ayam Broiler', 26600, 26600, 0, NULL, 27, 66, '2025-05-15 02:19:08.000', '2025-05-15 02:19:08.000', NULL),
(299, NULL, 'Telur Ayam Broiler', 26600, 26600, 0, NULL, 26, 66, '2025-05-15 02:19:08.000', '2025-05-15 02:19:08.000', NULL),
(300, NULL, 'Telur Ayam Broiler', 26600, 26600, 0, NULL, 25, 66, '2025-05-15 02:19:08.000', '2025-05-15 02:19:08.000', NULL),
(301, NULL, 'Telur Ayam Broiler', 26600, 26600, 0, NULL, 24, 66, '2025-05-15 02:19:08.000', '2025-05-15 02:19:08.000', NULL),
(302, NULL, 'Telur Ayam Broiler', 26600, 26600, 0, NULL, 23, 66, '2025-05-15 02:19:08.000', '2025-05-15 02:19:08.000', NULL),
(303, NULL, 'Telur Ayam Broiler', 26600, 26600, 0, NULL, 22, 66, '2025-05-15 02:19:08.000', '2025-05-15 02:19:08.000', NULL),
(304, NULL, 'Telur Ayam Broiler', 26600, 26600, 0, NULL, 21, 66, '2025-05-15 02:19:08.000', '2025-05-15 02:19:08.000', NULL),
(305, NULL, 'Telur Ayam Broiler', 26600, 26600, 0, NULL, 20, 66, '2025-05-15 02:19:08.000', '2025-05-15 02:19:08.000', NULL),
(306, NULL, 'Telur Ayam Kampung', 63000, 63000, 0, NULL, 29, 66, '2025-05-15 02:19:08.000', '2025-05-15 02:19:08.000', NULL),
(307, NULL, 'Telur Ayam Kampung', 63000, 63000, 0, NULL, 28, 66, '2025-05-15 02:19:08.000', '2025-05-15 02:19:08.000', NULL),
(308, NULL, 'Telur Ayam Kampung', 63000, 63000, 0, NULL, 27, 66, '2025-05-15 02:19:08.000', '2025-05-15 02:19:08.000', NULL),
(309, NULL, 'Telur Ayam Kampung', 63000, 63000, 0, NULL, 26, 66, '2025-05-15 02:19:08.000', '2025-05-15 02:19:08.000', NULL),
(310, NULL, 'Telur Ayam Kampung', 63000, 63000, 0, NULL, 25, 66, '2025-05-15 02:19:08.000', '2025-05-15 02:19:08.000', NULL),
(311, NULL, 'Telur Ayam Kampung', 63000, 63000, 0, NULL, 24, 66, '2025-05-15 02:19:08.000', '2025-05-15 02:19:08.000', NULL),
(312, NULL, 'Telur Ayam Kampung', 63000, 63000, 0, NULL, 23, 66, '2025-05-15 02:19:08.000', '2025-05-15 02:19:08.000', NULL),
(313, NULL, 'Telur Ayam Kampung', 63000, 63000, 0, NULL, 22, 66, '2025-05-15 02:19:08.000', '2025-05-15 02:19:08.000', NULL),
(314, NULL, 'Telur Ayam Kampung', 63000, 63000, 0, NULL, 21, 66, '2025-05-15 02:19:08.000', '2025-05-15 02:19:08.000', NULL),
(315, NULL, 'Telur Ayam Kampung', 63000, 63000, 0, NULL, 20, 66, '2025-05-15 02:19:08.000', '2025-05-15 02:19:08.000', NULL),
(316, NULL, 'Ikan Segar Kembung', 50000, 50000, 0, NULL, 29, 67, '2025-05-15 02:19:08.000', '2025-05-15 02:19:08.000', NULL),
(317, NULL, 'Ikan Segar Kembung', 50000, 50000, 0, NULL, 28, 67, '2025-05-15 02:19:08.000', '2025-05-15 02:19:08.000', NULL),
(318, NULL, 'Ikan Segar Kembung', 50000, 50000, 0, NULL, 27, 67, '2025-05-15 02:19:08.000', '2025-05-15 02:19:08.000', NULL),
(319, NULL, 'Ikan Segar Kembung', 50000, 50000, 0, NULL, 26, 67, '2025-05-15 02:19:08.000', '2025-05-15 02:19:08.000', NULL),
(320, NULL, 'Ikan Segar Kembung', 50000, 50000, 0, NULL, 25, 67, '2025-05-15 02:19:08.000', '2025-05-15 02:19:08.000', NULL),
(321, NULL, 'Ikan Segar Kembung', 50000, 50000, 0, NULL, 24, 67, '2025-05-15 02:19:08.000', '2025-05-15 02:19:08.000', NULL),
(322, NULL, 'Ikan Segar Kembung', 50000, 50000, 0, NULL, 23, 67, '2025-05-15 02:19:08.000', '2025-05-15 02:19:08.000', NULL),
(323, NULL, 'Ikan Segar Kembung', 50000, 50000, 0, NULL, 22, 67, '2025-05-15 02:19:08.000', '2025-05-15 02:19:08.000', NULL),
(324, NULL, 'Ikan Segar Kembung', 50000, 50000, 0, NULL, 21, 67, '2025-05-15 02:19:08.000', '2025-05-15 02:19:08.000', NULL),
(325, NULL, 'Ikan Segar Kembung', 50000, 50000, 0, NULL, 20, 67, '2025-05-15 02:19:08.000', '2025-05-15 02:19:08.000', NULL),
(326, NULL, 'Ikan Segar Tongkol Biasa', 38000, 38000, 0, NULL, 29, 67, '2025-05-15 02:19:08.000', '2025-05-15 02:19:08.000', NULL),
(327, NULL, 'Ikan Segar Tongkol Biasa', 38000, 38000, 0, NULL, 28, 67, '2025-05-15 02:19:08.000', '2025-05-15 02:19:08.000', NULL),
(328, NULL, 'Ikan Segar Tongkol Biasa', 38000, 38000, 0, NULL, 27, 67, '2025-05-15 02:19:08.000', '2025-05-15 02:19:08.000', NULL),
(329, NULL, 'Ikan Segar Tongkol Biasa', 38000, 38000, 0, NULL, 26, 67, '2025-05-15 02:19:08.000', '2025-05-15 02:19:08.000', NULL),
(330, NULL, 'Ikan Segar Tongkol Biasa', 38000, 38000, 0, NULL, 25, 67, '2025-05-15 02:19:08.000', '2025-05-15 02:19:08.000', NULL),
(331, NULL, 'Ikan Segar Tongkol Biasa', 38000, 38000, 0, NULL, 24, 67, '2025-05-15 02:19:08.000', '2025-05-15 02:19:08.000', NULL),
(332, NULL, 'Ikan Segar Tongkol Biasa', 38000, 38000, 0, NULL, 23, 67, '2025-05-15 02:19:08.000', '2025-05-15 02:19:08.000', NULL),
(333, NULL, 'Ikan Segar Tongkol Biasa', 38000, 38000, 0, NULL, 22, 67, '2025-05-15 02:19:08.000', '2025-05-15 02:19:08.000', NULL),
(334, NULL, 'Ikan Segar Tongkol Biasa', 38000, 38000, 0, NULL, 21, 67, '2025-05-15 02:19:08.000', '2025-05-15 02:19:08.000', NULL),
(335, NULL, 'Ikan Segar Tongkol Biasa', 38000, 38000, 0, NULL, 20, 67, '2025-05-15 02:19:08.000', '2025-05-15 02:19:08.000', NULL),
(336, NULL, 'Ikan Segar Tongkol Sisik', 45000, 45000, 0, NULL, 29, 67, '2025-05-15 02:19:08.000', '2025-05-15 02:19:08.000', NULL),
(337, NULL, 'Ikan Segar Tongkol Sisik', 45000, 45000, 0, NULL, 28, 67, '2025-05-15 02:19:08.000', '2025-05-15 02:19:08.000', NULL),
(338, NULL, 'Ikan Segar Tongkol Sisik', 45000, 45000, 0, NULL, 27, 67, '2025-05-15 02:19:08.000', '2025-05-15 02:19:08.000', NULL),
(339, NULL, 'Ikan Segar Tongkol Sisik', 45000, 45000, 0, NULL, 26, 67, '2025-05-15 02:19:08.000', '2025-05-15 02:19:08.000', NULL),
(340, NULL, 'Ikan Segar Tongkol Sisik', 45000, 45000, 0, NULL, 25, 67, '2025-05-15 02:19:08.000', '2025-05-15 02:19:08.000', NULL),
(341, NULL, 'Ikan Segar Tongkol Sisik', 45000, 45000, 0, NULL, 24, 67, '2025-05-15 02:19:08.000', '2025-05-15 02:19:08.000', NULL),
(342, NULL, 'Ikan Segar Tongkol Sisik', 45000, 45000, 0, NULL, 23, 67, '2025-05-15 02:19:08.000', '2025-05-15 02:19:08.000', NULL),
(343, NULL, 'Ikan Segar Tongkol Sisik', 45000, 45000, 0, NULL, 22, 67, '2025-05-15 02:19:08.000', '2025-05-15 02:19:08.000', NULL),
(344, NULL, 'Ikan Segar Tongkol Sisik', 45000, 45000, 0, NULL, 21, 67, '2025-05-15 02:19:08.000', '2025-05-15 02:19:08.000', NULL),
(345, NULL, 'Ikan Segar Tongkol Sisik', 45000, 45000, 0, NULL, 20, 67, '2025-05-15 02:19:08.000', '2025-05-15 02:19:08.000', NULL),
(346, NULL, 'Ikan Tuna', 50000, 50000, 0, NULL, 29, 67, '2025-05-15 02:19:08.000', '2025-05-15 02:19:08.000', NULL),
(347, NULL, 'Ikan Tuna', 50000, 50000, 0, NULL, 28, 67, '2025-05-15 02:19:08.000', '2025-05-15 02:19:08.000', NULL),
(348, NULL, 'Ikan Tuna', 50000, 50000, 0, NULL, 27, 67, '2025-05-15 02:19:08.000', '2025-05-15 02:19:08.000', NULL),
(349, NULL, 'Ikan Tuna', 50000, 50000, 0, NULL, 26, 67, '2025-05-15 02:19:08.000', '2025-05-15 02:19:08.000', NULL),
(350, NULL, 'Ikan Tuna', 50000, 50000, 0, NULL, 25, 67, '2025-05-15 02:19:08.000', '2025-05-15 02:19:08.000', NULL),
(351, NULL, 'Ikan Tuna', 50000, 50000, 0, NULL, 24, 67, '2025-05-15 02:19:08.000', '2025-05-15 02:19:08.000', NULL),
(352, NULL, 'Ikan Tuna', 50000, 50000, 0, NULL, 23, 67, '2025-05-15 02:19:08.000', '2025-05-15 02:19:08.000', NULL),
(353, NULL, 'Ikan Tuna', 50000, 50000, 0, NULL, 22, 67, '2025-05-15 02:19:08.000', '2025-05-15 02:19:08.000', NULL),
(354, NULL, 'Ikan Tuna', 50000, 50000, 0, NULL, 21, 67, '2025-05-15 02:19:08.000', '2025-05-15 02:19:08.000', NULL),
(355, NULL, 'Ikan Tuna', 50000, 50000, 0, NULL, 20, 67, '2025-05-15 02:19:08.000', '2025-05-15 02:19:08.000', NULL),
(356, NULL, 'Ikan Dencis', 45000, 45000, 0, NULL, 29, 67, '2025-05-15 02:19:08.000', '2025-05-15 02:19:08.000', NULL),
(357, NULL, 'Ikan Dencis', 45000, 45000, 0, NULL, 28, 67, '2025-05-15 02:19:08.000', '2025-05-15 02:19:08.000', NULL),
(358, NULL, 'Ikan Dencis', 45000, 45000, 0, NULL, 27, 67, '2025-05-15 02:19:08.000', '2025-05-15 02:19:08.000', NULL),
(359, NULL, 'Ikan Dencis', 45000, 45000, 0, NULL, 26, 67, '2025-05-15 02:19:08.000', '2025-05-15 02:19:08.000', NULL),
(360, NULL, 'Ikan Dencis', 45000, 45000, 0, NULL, 25, 67, '2025-05-15 02:19:08.000', '2025-05-15 02:19:08.000', NULL),
(361, NULL, 'Ikan Dencis', 45000, 45000, 0, NULL, 24, 67, '2025-05-15 02:19:08.000', '2025-05-15 02:19:08.000', NULL),
(362, NULL, 'Ikan Dencis', 45000, 45000, 0, NULL, 23, 67, '2025-05-15 02:19:08.000', '2025-05-15 02:19:08.000', NULL),
(363, NULL, 'Ikan Dencis', 45000, 45000, 0, NULL, 22, 67, '2025-05-15 02:19:08.000', '2025-05-15 02:19:08.000', NULL),
(364, NULL, 'Ikan Dencis', 45000, 45000, 0, NULL, 21, 67, '2025-05-15 02:19:08.000', '2025-05-15 02:19:08.000', NULL),
(365, NULL, 'Ikan Dencis', 45000, 45000, 0, NULL, 20, 67, '2025-05-15 02:19:08.000', '2025-05-15 02:19:08.000', NULL),
(366, NULL, 'Ikan Asin Teri', 100000, 100000, 0, NULL, 29, 68, '2025-05-15 02:19:08.000', '2025-05-15 02:19:08.000', NULL),
(367, NULL, 'Ikan Asin Teri', 100000, 100000, 0, NULL, 28, 68, '2025-05-15 02:19:08.000', '2025-05-15 02:19:08.000', NULL),
(368, NULL, 'Ikan Asin Teri', 100000, 100000, 0, NULL, 27, 68, '2025-05-15 02:19:08.000', '2025-05-15 02:19:08.000', NULL),
(369, NULL, 'Ikan Asin Teri', 100000, 100000, 0, NULL, 26, 68, '2025-05-15 02:19:08.000', '2025-05-15 02:19:08.000', NULL),
(370, NULL, 'Ikan Asin Teri', 100000, 100000, 0, NULL, 25, 68, '2025-05-15 02:19:08.000', '2025-05-15 02:19:08.000', NULL),
(371, NULL, 'Ikan Asin Teri', 100000, 100000, 0, NULL, 24, 68, '2025-05-15 02:19:08.000', '2025-05-15 02:19:08.000', NULL),
(372, NULL, 'Ikan Asin Teri', 100000, 100000, 0, NULL, 23, 68, '2025-05-15 02:19:08.000', '2025-05-15 02:19:08.000', NULL),
(373, NULL, 'Ikan Asin Teri', 100000, 100000, 0, NULL, 22, 68, '2025-05-15 02:19:08.000', '2025-05-15 02:19:08.000', NULL),
(374, NULL, 'Ikan Asin Teri', 100000, 100000, 0, NULL, 21, 68, '2025-05-15 02:19:08.000', '2025-05-15 02:19:08.000', NULL),
(375, NULL, 'Ikan Asin Teri', 100000, 100000, 0, NULL, 20, 68, '2025-05-15 02:19:08.000', '2025-05-15 02:19:08.000', NULL),
(376, NULL, 'Udang', 100000, 100000, 0, NULL, 29, 69, '2025-05-15 02:19:08.000', '2025-05-15 02:19:08.000', NULL),
(377, NULL, 'Udang', 100000, 100000, 0, NULL, 28, 69, '2025-05-15 02:19:08.000', '2025-05-15 02:19:08.000', NULL),
(378, NULL, 'Udang', 100000, 100000, 0, NULL, 27, 69, '2025-05-15 02:19:08.000', '2025-05-15 02:19:08.000', NULL),
(379, NULL, 'Udang', 100000, 100000, 0, NULL, 26, 69, '2025-05-15 02:19:08.000', '2025-05-15 02:19:08.000', NULL),
(380, NULL, 'Udang', 100000, 100000, 0, NULL, 25, 69, '2025-05-15 02:19:08.000', '2025-05-15 02:19:08.000', NULL),
(381, NULL, 'Udang', 100000, 100000, 0, NULL, 24, 69, '2025-05-15 02:19:08.000', '2025-05-15 02:19:08.000', NULL),
(382, NULL, 'Udang', 100000, 100000, 0, NULL, 23, 69, '2025-05-15 02:19:08.000', '2025-05-15 02:19:08.000', NULL),
(383, NULL, 'Udang', 100000, 100000, 0, NULL, 22, 69, '2025-05-15 02:19:08.000', '2025-05-15 02:19:08.000', NULL),
(384, NULL, 'Udang', 100000, 100000, 0, NULL, 21, 69, '2025-05-15 02:19:08.000', '2025-05-15 02:19:08.000', NULL),
(385, NULL, 'Udang', 100000, 100000, 0, NULL, 20, 69, '2025-05-15 02:19:08.000', '2025-05-15 02:19:08.000', NULL),
(386, NULL, 'Tempe Kedelai', 20000, 20000, 0, NULL, 29, 70, '2025-05-15 02:19:08.000', '2025-05-15 02:19:08.000', NULL),
(387, NULL, 'Tempe Kedelai', 20000, 20000, 0, NULL, 28, 70, '2025-05-15 02:19:08.000', '2025-05-15 02:19:08.000', NULL),
(388, NULL, 'Tempe Kedelai', 20000, 20000, 0, NULL, 27, 70, '2025-05-15 02:19:08.000', '2025-05-15 02:19:08.000', NULL),
(389, NULL, 'Tempe Kedelai', 20000, 20000, 0, NULL, 26, 70, '2025-05-15 02:19:08.000', '2025-05-15 02:19:08.000', NULL),
(390, NULL, 'Tempe Kedelai', 20000, 20000, 0, NULL, 25, 70, '2025-05-15 02:19:08.000', '2025-05-15 02:19:08.000', NULL),
(391, NULL, 'Tempe Kedelai', 20000, 20000, 0, NULL, 24, 70, '2025-05-15 02:19:08.000', '2025-05-15 02:19:08.000', NULL),
(392, NULL, 'Tempe Kedelai', 20000, 20000, 0, NULL, 23, 70, '2025-05-15 02:19:08.000', '2025-05-15 02:19:08.000', NULL),
(393, NULL, 'Tempe Kedelai', 20000, 20000, 0, NULL, 22, 70, '2025-05-15 02:19:08.000', '2025-05-15 02:19:08.000', NULL),
(394, NULL, 'Tempe Kedelai', 20000, 20000, 0, NULL, 21, 70, '2025-05-15 02:19:08.000', '2025-05-15 02:19:08.000', NULL),
(395, NULL, 'Tempe Kedelai', 20000, 20000, 0, NULL, 20, 70, '2025-05-15 02:19:08.000', '2025-05-15 02:19:08.000', NULL),
(396, NULL, 'Tahu Mentah Putih', 12000, 12000, 0, NULL, 29, 71, '2025-05-15 02:19:08.000', '2025-05-15 02:19:08.000', NULL),
(397, NULL, 'Tahu Mentah Putih', 12000, 12000, 0, NULL, 28, 71, '2025-05-15 02:19:08.000', '2025-05-15 02:19:08.000', NULL),
(398, NULL, 'Tahu Mentah Putih', 12000, 12000, 0, NULL, 27, 71, '2025-05-15 02:19:08.000', '2025-05-15 02:19:08.000', NULL),
(399, NULL, 'Tahu Mentah Putih', 12000, 12000, 0, NULL, 26, 71, '2025-05-15 02:19:08.000', '2025-05-15 02:19:08.000', NULL),
(400, NULL, 'Tahu Mentah Putih', 12000, 12000, 0, NULL, 25, 71, '2025-05-15 02:19:08.000', '2025-05-15 02:19:08.000', NULL),
(401, NULL, 'Tahu Mentah Putih', 12000, 12000, 0, NULL, 24, 71, '2025-05-15 02:19:08.000', '2025-05-15 02:19:08.000', NULL),
(402, NULL, 'Tahu Mentah Putih', 12000, 12000, 0, NULL, 23, 71, '2025-05-15 02:19:08.000', '2025-05-15 02:19:08.000', NULL),
(403, NULL, 'Tahu Mentah Putih', 12000, 12000, 0, NULL, 22, 71, '2025-05-15 02:19:08.000', '2025-05-15 02:19:08.000', NULL),
(404, NULL, 'Tahu Mentah Putih', 12000, 12000, 0, NULL, 21, 71, '2025-05-15 02:19:08.000', '2025-05-15 02:19:08.000', NULL),
(405, NULL, 'Tahu Mentah Putih', 12000, 12000, 0, NULL, 20, 71, '2025-05-15 02:19:08.000', '2025-05-15 02:19:08.000', NULL),
(406, NULL, 'Tomat', 10000, 10000, 0, NULL, 29, 72, '2025-05-15 02:19:08.000', '2025-05-15 02:19:08.000', NULL),
(407, NULL, 'Tomat', 10000, 10000, 0, NULL, 28, 72, '2025-05-15 02:19:08.000', '2025-05-15 02:19:08.000', NULL),
(408, NULL, 'Tomat', 10000, 10000, 0, NULL, 27, 72, '2025-05-15 02:19:08.000', '2025-05-15 02:19:08.000', NULL),
(409, NULL, 'Tomat', 10000, 10000, 0, NULL, 26, 72, '2025-05-15 02:19:08.000', '2025-05-15 02:19:08.000', NULL),
(410, NULL, 'Tomat', 10000, 10000, 0, NULL, 25, 72, '2025-05-15 02:19:08.000', '2025-05-15 02:19:08.000', NULL),
(411, NULL, 'Tomat', 10000, 10000, 0, NULL, 24, 72, '2025-05-15 02:19:08.000', '2025-05-15 02:19:08.000', NULL),
(412, NULL, 'Tomat', 10000, 10000, 0, NULL, 23, 72, '2025-05-15 02:19:08.000', '2025-05-15 02:19:08.000', NULL),
(413, NULL, 'Tomat', 10000, 10000, 0, NULL, 22, 72, '2025-05-15 02:19:08.000', '2025-05-15 02:19:08.000', NULL),
(414, NULL, 'Tomat', 10000, 10000, 0, NULL, 21, 72, '2025-05-15 02:19:08.000', '2025-05-15 02:19:08.000', NULL),
(415, NULL, 'Tomat', 10000, 10000, 0, NULL, 20, 72, '2025-05-15 02:19:08.000', '2025-05-15 02:19:08.000', NULL),
(416, NULL, 'Ketimun', 10000, 10000, 0, NULL, 29, 72, '2025-05-15 02:19:08.000', '2025-05-15 02:19:08.000', NULL),
(417, NULL, 'Ketimun', 10000, 10000, 0, NULL, 28, 72, '2025-05-15 02:19:08.000', '2025-05-15 02:19:08.000', NULL),
(418, NULL, 'Ketimun', 10000, 10000, 0, NULL, 27, 72, '2025-05-15 02:19:08.000', '2025-05-15 02:19:08.000', NULL),
(419, NULL, 'Ketimun', 10000, 10000, 0, NULL, 26, 72, '2025-05-15 02:19:08.000', '2025-05-15 02:19:08.000', NULL),
(420, NULL, 'Ketimun', 10000, 10000, 0, NULL, 25, 72, '2025-05-15 02:19:08.000', '2025-05-15 02:19:08.000', NULL),
(421, NULL, 'Ketimun', 10000, 10000, 0, NULL, 24, 72, '2025-05-15 02:19:08.000', '2025-05-15 02:19:08.000', NULL),
(422, NULL, 'Ketimun', 10000, 10000, 0, NULL, 23, 72, '2025-05-15 02:19:08.000', '2025-05-15 02:19:08.000', NULL),
(423, NULL, 'Ketimun', 10000, 10000, 0, NULL, 22, 72, '2025-05-15 02:19:08.000', '2025-05-15 02:19:08.000', NULL),
(424, NULL, 'Ketimun', 10000, 10000, 0, NULL, 21, 72, '2025-05-15 02:19:08.000', '2025-05-15 02:19:08.000', NULL),
(425, NULL, 'Ketimun', 10000, 10000, 0, NULL, 20, 72, '2025-05-15 02:19:08.000', '2025-05-15 02:19:08.000', NULL),
(426, NULL, 'Sawi Hijau', 10000, 10000, 0, NULL, 29, 72, '2025-05-15 02:19:08.000', '2025-05-15 02:19:08.000', NULL),
(427, NULL, 'Sawi Hijau', 10000, 10000, 0, NULL, 28, 72, '2025-05-15 02:19:08.000', '2025-05-15 02:19:08.000', NULL),
(428, NULL, 'Sawi Hijau', 10000, 10000, 0, NULL, 27, 72, '2025-05-15 02:19:08.000', '2025-05-15 02:19:08.000', NULL),
(429, NULL, 'Sawi Hijau', 10000, 10000, 0, NULL, 26, 72, '2025-05-15 02:19:08.000', '2025-05-15 02:19:08.000', NULL),
(430, NULL, 'Sawi Hijau', 10000, 10000, 0, NULL, 25, 72, '2025-05-15 02:19:08.000', '2025-05-15 02:19:08.000', NULL),
(431, NULL, 'Sawi Hijau', 10000, 10000, 0, NULL, 24, 72, '2025-05-15 02:19:08.000', '2025-05-15 02:19:08.000', NULL),
(432, NULL, 'Sawi Hijau', 10000, 10000, 0, NULL, 23, 72, '2025-05-15 02:19:08.000', '2025-05-15 02:19:08.000', NULL),
(433, NULL, 'Sawi Hijau', 10000, 10000, 0, NULL, 22, 72, '2025-05-15 02:19:08.000', '2025-05-15 02:19:08.000', NULL);
INSERT INTO `prices` (`id`, `item_id`, `item_name`, `initial_price`, `current_price`, `change_percent`, `reason`, `market_id`, `category_id`, `created_at`, `updated_at`, `deleted_at`) VALUES
(434, NULL, 'Sawi Hijau', 10000, 10000, 0, NULL, 21, 72, '2025-05-15 02:19:08.000', '2025-05-15 02:19:08.000', NULL),
(435, NULL, 'Sawi Hijau', 10000, 10000, 0, NULL, 20, 72, '2025-05-15 02:19:08.000', '2025-05-15 02:19:08.000', NULL),
(436, NULL, 'Kangkung', 10000, 10000, 0, NULL, 29, 72, '2025-05-15 02:19:08.000', '2025-05-15 02:19:08.000', NULL),
(437, NULL, 'Kangkung', 10000, 10000, 0, NULL, 28, 72, '2025-05-15 02:19:08.000', '2025-05-15 02:19:08.000', NULL),
(438, NULL, 'Kangkung', 10000, 10000, 0, NULL, 27, 72, '2025-05-15 02:19:08.000', '2025-05-15 02:19:08.000', NULL),
(439, NULL, 'Kangkung', 10000, 10000, 0, NULL, 26, 72, '2025-05-15 02:19:08.000', '2025-05-15 02:19:08.000', NULL),
(440, NULL, 'Kangkung', 10000, 10000, 0, NULL, 25, 72, '2025-05-15 02:19:08.000', '2025-05-15 02:19:08.000', NULL),
(441, NULL, 'Kangkung', 10000, 10000, 0, NULL, 24, 72, '2025-05-15 02:19:08.000', '2025-05-15 02:19:08.000', NULL),
(442, NULL, 'Kangkung', 10000, 10000, 0, NULL, 23, 72, '2025-05-15 02:19:08.000', '2025-05-15 02:19:08.000', NULL),
(443, NULL, 'Kangkung', 10000, 10000, 0, NULL, 22, 72, '2025-05-15 02:19:08.000', '2025-05-15 02:19:08.000', NULL),
(444, NULL, 'Kangkung', 10000, 10000, 0, NULL, 21, 72, '2025-05-15 02:19:08.000', '2025-05-15 02:19:08.000', NULL),
(445, NULL, 'Kangkung', 10000, 10000, 0, NULL, 20, 72, '2025-05-15 02:19:08.000', '2025-05-15 02:19:08.000', NULL),
(446, NULL, 'Kacang Panjang', 12000, 12000, 0, NULL, 29, 72, '2025-05-15 02:19:08.000', '2025-05-15 02:19:08.000', NULL),
(447, NULL, 'Kacang Panjang', 12000, 12000, 0, NULL, 28, 72, '2025-05-15 02:19:08.000', '2025-05-15 02:19:08.000', NULL),
(448, NULL, 'Kacang Panjang', 12000, 12000, 0, NULL, 27, 72, '2025-05-15 02:19:08.000', '2025-05-15 02:19:08.000', NULL),
(449, NULL, 'Kacang Panjang', 12000, 12000, 0, NULL, 26, 72, '2025-05-15 02:19:08.000', '2025-05-15 02:19:08.000', NULL),
(450, NULL, 'Kacang Panjang', 12000, 12000, 0, NULL, 25, 72, '2025-05-15 02:19:08.000', '2025-05-15 02:19:08.000', NULL),
(451, NULL, 'Kacang Panjang', 12000, 12000, 0, NULL, 24, 72, '2025-05-15 02:19:08.000', '2025-05-15 02:19:08.000', NULL),
(452, NULL, 'Kacang Panjang', 12000, 12000, 0, NULL, 23, 72, '2025-05-15 02:19:08.000', '2025-05-15 02:19:08.000', NULL),
(453, NULL, 'Kacang Panjang', 12000, 12000, 0, NULL, 22, 72, '2025-05-15 02:19:08.000', '2025-05-15 02:19:08.000', NULL),
(454, NULL, 'Kacang Panjang', 12000, 12000, 0, NULL, 21, 72, '2025-05-15 02:19:08.000', '2025-05-15 02:19:08.000', NULL),
(455, NULL, 'Kacang Panjang', 12000, 12000, 0, NULL, 20, 72, '2025-05-15 02:19:08.000', '2025-05-15 02:19:08.000', NULL),
(456, NULL, 'Kentang', 18000, 18000, 0, NULL, 29, 72, '2025-05-15 02:19:08.000', '2025-05-15 02:19:08.000', NULL),
(457, NULL, 'Kentang', 18000, 18000, 0, NULL, 28, 72, '2025-05-15 02:19:08.000', '2025-05-15 02:19:08.000', NULL),
(458, NULL, 'Kentang', 18000, 18000, 0, NULL, 27, 72, '2025-05-15 02:19:08.000', '2025-05-15 02:19:08.000', NULL),
(459, NULL, 'Kentang', 18000, 18000, 0, NULL, 26, 72, '2025-05-15 02:19:08.000', '2025-05-15 02:19:08.000', NULL),
(460, NULL, 'Kentang', 18000, 18000, 0, NULL, 25, 72, '2025-05-15 02:19:08.000', '2025-05-15 02:19:08.000', NULL),
(461, NULL, 'Kentang', 18000, 18000, 0, NULL, 24, 72, '2025-05-15 02:19:08.000', '2025-05-15 02:19:08.000', NULL),
(462, NULL, 'Kentang', 18000, 18000, 0, NULL, 23, 72, '2025-05-15 02:19:08.000', '2025-05-15 02:19:08.000', NULL),
(463, NULL, 'Kentang', 18000, 18000, 0, NULL, 22, 72, '2025-05-15 02:19:08.000', '2025-05-15 02:19:08.000', NULL),
(464, NULL, 'Kentang', 18000, 18000, 0, NULL, 21, 72, '2025-05-15 02:19:08.000', '2025-05-15 02:19:08.000', NULL),
(465, NULL, 'Kentang', 18000, 18000, 0, NULL, 20, 72, '2025-05-15 02:19:08.000', '2025-05-15 02:19:08.000', NULL),
(466, NULL, 'Wortel', 15000, 15000, 0, NULL, 29, 72, '2025-05-15 02:19:08.000', '2025-05-15 02:19:08.000', NULL),
(467, NULL, 'Wortel', 15000, 15000, 0, NULL, 28, 72, '2025-05-15 02:19:08.000', '2025-05-15 02:19:08.000', NULL),
(468, NULL, 'Wortel', 15000, 15000, 0, NULL, 27, 72, '2025-05-15 02:19:08.000', '2025-05-15 02:19:08.000', NULL),
(469, NULL, 'Wortel', 15000, 15000, 0, NULL, 26, 72, '2025-05-15 02:19:08.000', '2025-05-15 02:19:08.000', NULL),
(470, NULL, 'Wortel', 15000, 15000, 0, NULL, 25, 72, '2025-05-15 02:19:08.000', '2025-05-15 02:19:08.000', NULL),
(471, NULL, 'Wortel', 15000, 15000, 0, NULL, 24, 72, '2025-05-15 02:19:08.000', '2025-05-15 02:19:08.000', NULL),
(472, NULL, 'Wortel', 15000, 15000, 0, NULL, 23, 72, '2025-05-15 02:19:08.000', '2025-05-15 02:19:08.000', NULL),
(473, NULL, 'Wortel', 15000, 15000, 0, NULL, 22, 72, '2025-05-15 02:19:08.000', '2025-05-15 02:19:08.000', NULL),
(474, NULL, 'Wortel', 15000, 15000, 0, NULL, 21, 72, '2025-05-15 02:19:08.000', '2025-05-15 02:19:08.000', NULL),
(475, NULL, 'Wortel', 15000, 15000, 0, NULL, 20, 72, '2025-05-15 02:19:08.000', '2025-05-15 02:19:08.000', NULL),
(476, NULL, 'Pisang Lokal (Barangan)', 10000, 10000, 0, NULL, 29, 73, '2025-05-15 02:19:08.000', '2025-05-15 02:19:08.000', NULL),
(477, NULL, 'Pisang Lokal (Barangan)', 10000, 10000, 0, NULL, 28, 73, '2025-05-15 02:19:08.000', '2025-05-15 02:19:08.000', NULL),
(478, NULL, 'Pisang Lokal (Barangan)', 10000, 10000, 0, NULL, 27, 73, '2025-05-15 02:19:08.000', '2025-05-15 02:19:08.000', NULL),
(479, NULL, 'Pisang Lokal (Barangan)', 10000, 10000, 0, NULL, 26, 73, '2025-05-15 02:19:08.000', '2025-05-15 02:19:08.000', NULL),
(480, NULL, 'Pisang Lokal (Barangan)', 10000, 10000, 0, NULL, 25, 73, '2025-05-15 02:19:08.000', '2025-05-15 02:19:08.000', NULL),
(481, NULL, 'Pisang Lokal (Barangan)', 10000, 10000, 0, NULL, 24, 73, '2025-05-15 02:19:08.000', '2025-05-15 02:19:08.000', NULL),
(482, NULL, 'Pisang Lokal (Barangan)', 10000, 10000, 0, NULL, 23, 73, '2025-05-15 02:19:08.000', '2025-05-15 02:19:08.000', NULL),
(483, NULL, 'Pisang Lokal (Barangan)', 10000, 10000, 0, NULL, 22, 73, '2025-05-15 02:19:08.000', '2025-05-15 02:19:08.000', NULL),
(484, NULL, 'Pisang Lokal (Barangan)', 10000, 10000, 0, NULL, 21, 73, '2025-05-15 02:19:08.000', '2025-05-15 02:19:08.000', NULL),
(485, NULL, 'Pisang Lokal (Barangan)', 10000, 10000, 0, NULL, 20, 73, '2025-05-15 02:19:08.000', '2025-05-15 02:19:08.000', NULL),
(486, NULL, 'Jeruk Lokal', 20000, 20000, 0, NULL, 29, 73, '2025-05-15 02:19:08.000', '2025-05-15 02:19:08.000', NULL),
(487, NULL, 'Jeruk Lokal', 20000, 20000, 0, NULL, 28, 73, '2025-05-15 02:19:08.000', '2025-05-15 02:19:08.000', NULL),
(488, NULL, 'Jeruk Lokal', 20000, 20000, 0, NULL, 27, 73, '2025-05-15 02:19:08.000', '2025-05-15 02:19:08.000', NULL),
(489, NULL, 'Jeruk Lokal', 20000, 20000, 0, NULL, 26, 73, '2025-05-15 02:19:08.000', '2025-05-15 02:19:08.000', NULL),
(490, NULL, 'Jeruk Lokal', 20000, 20000, 0, NULL, 25, 73, '2025-05-15 02:19:08.000', '2025-05-15 02:19:08.000', NULL),
(491, NULL, 'Jeruk Lokal', 20000, 20000, 0, NULL, 24, 73, '2025-05-15 02:19:08.000', '2025-05-15 02:19:08.000', NULL),
(492, NULL, 'Jeruk Lokal', 20000, 20000, 0, NULL, 23, 73, '2025-05-15 02:19:08.000', '2025-05-15 02:19:08.000', NULL),
(493, NULL, 'Jeruk Lokal', 20000, 20000, 0, NULL, 22, 73, '2025-05-15 02:19:08.000', '2025-05-15 02:19:08.000', NULL),
(494, NULL, 'Jeruk Lokal', 20000, 20000, 0, NULL, 21, 73, '2025-05-15 02:19:08.000', '2025-05-15 02:19:08.000', NULL),
(495, NULL, 'Jeruk Lokal', 20000, 20000, 0, NULL, 20, 73, '2025-05-15 02:19:08.000', '2025-05-15 02:19:08.000', NULL),
(496, NULL, 'Jagung Pipilan', 5500, 5500, 0, NULL, 29, 74, '2025-05-15 02:19:08.000', '2025-05-15 02:19:08.000', NULL),
(497, NULL, 'Jagung Pipilan', 5500, 5500, 0, NULL, 28, 74, '2025-05-15 02:19:08.000', '2025-05-15 02:19:08.000', NULL),
(498, NULL, 'Jagung Pipilan', 5500, 5500, 0, NULL, 27, 74, '2025-05-15 02:19:08.000', '2025-05-15 02:19:08.000', NULL),
(499, NULL, 'Jagung Pipilan', 5500, 5500, 0, NULL, 26, 74, '2025-05-15 02:19:08.000', '2025-05-15 02:19:08.000', NULL),
(500, NULL, 'Jagung Pipilan', 5500, 5500, 0, NULL, 25, 74, '2025-05-15 02:19:08.000', '2025-05-15 02:19:08.000', NULL),
(501, NULL, 'Jagung Pipilan', 5500, 5500, 0, NULL, 24, 74, '2025-05-15 02:19:08.000', '2025-05-15 02:19:08.000', NULL),
(502, NULL, 'Jagung Pipilan', 5500, 5500, 0, NULL, 23, 74, '2025-05-15 02:19:08.000', '2025-05-15 02:19:08.000', NULL),
(503, NULL, 'Jagung Pipilan', 5500, 5500, 0, NULL, 22, 74, '2025-05-15 02:19:08.000', '2025-05-15 02:19:08.000', NULL),
(504, NULL, 'Jagung Pipilan', 5500, 5500, 0, NULL, 21, 74, '2025-05-15 02:19:08.000', '2025-05-15 02:19:08.000', NULL),
(505, NULL, 'Jagung Pipilan', 5500, 5500, 0, NULL, 20, 74, '2025-05-15 02:19:08.000', '2025-05-15 02:19:08.000', NULL),
(506, NULL, 'Ketela Pohon', 4000, 4000, 0, NULL, 29, 74, '2025-05-15 02:19:08.000', '2025-05-15 02:19:08.000', NULL),
(507, NULL, 'Ketela Pohon', 4000, 4000, 0, NULL, 28, 74, '2025-05-15 02:19:08.000', '2025-05-15 02:19:08.000', NULL),
(508, NULL, 'Ketela Pohon', 4000, 4000, 0, NULL, 27, 74, '2025-05-15 02:19:08.000', '2025-05-15 02:19:08.000', NULL),
(509, NULL, 'Ketela Pohon', 4000, 4000, 0, NULL, 26, 74, '2025-05-15 02:19:08.000', '2025-05-15 02:19:08.000', NULL),
(510, NULL, 'Ketela Pohon', 4000, 4000, 0, NULL, 25, 74, '2025-05-15 02:19:08.000', '2025-05-15 02:19:08.000', NULL),
(511, NULL, 'Ketela Pohon', 4000, 4000, 0, NULL, 24, 74, '2025-05-15 02:19:08.000', '2025-05-15 02:19:08.000', NULL),
(512, NULL, 'Ketela Pohon', 4000, 4000, 0, NULL, 23, 74, '2025-05-15 02:19:08.000', '2025-05-15 02:19:08.000', NULL),
(513, NULL, 'Ketela Pohon', 4000, 4000, 0, NULL, 22, 74, '2025-05-15 02:19:08.000', '2025-05-15 02:19:08.000', NULL),
(514, NULL, 'Ketela Pohon', 4000, 4000, 0, NULL, 21, 74, '2025-05-15 02:19:08.000', '2025-05-15 02:19:08.000', NULL),
(515, NULL, 'Ketela Pohon', 4000, 4000, 0, NULL, 20, 74, '2025-05-15 02:19:08.000', '2025-05-15 02:19:08.000', NULL),
(516, NULL, 'Mie Instan Kari (Indomie)', 3500, 3500, 0, NULL, 29, 75, '2025-05-15 02:19:08.000', '2025-05-15 02:19:08.000', NULL),
(517, NULL, 'Mie Instan Kari (Indomie)', 3500, 3500, 0, NULL, 28, 75, '2025-05-15 02:19:08.000', '2025-05-15 02:19:08.000', NULL),
(518, NULL, 'Mie Instan Kari (Indomie)', 3500, 3500, 0, NULL, 27, 75, '2025-05-15 02:19:08.000', '2025-05-15 02:19:08.000', NULL),
(519, NULL, 'Mie Instan Kari (Indomie)', 3500, 3500, 0, NULL, 26, 75, '2025-05-15 02:19:08.000', '2025-05-15 02:19:08.000', NULL),
(520, NULL, 'Mie Instan Kari (Indomie)', 3500, 3500, 0, NULL, 25, 75, '2025-05-15 02:19:08.000', '2025-05-15 02:19:08.000', NULL),
(521, NULL, 'Mie Instan Kari (Indomie)', 3500, 3500, 0, NULL, 24, 75, '2025-05-15 02:19:08.000', '2025-05-15 02:19:08.000', NULL),
(522, NULL, 'Mie Instan Kari (Indomie)', 3500, 3500, 0, NULL, 23, 75, '2025-05-15 02:19:08.000', '2025-05-15 02:19:08.000', NULL),
(523, NULL, 'Mie Instan Kari (Indomie)', 3500, 3500, 0, NULL, 22, 75, '2025-05-15 02:19:08.000', '2025-05-15 02:19:08.000', NULL),
(524, NULL, 'Mie Instan Kari (Indomie)', 3500, 3500, 0, NULL, 21, 75, '2025-05-15 02:19:08.000', '2025-05-15 02:19:08.000', NULL),
(525, NULL, 'Mie Instan Kari (Indomie)', 3500, 3500, 0, NULL, 20, 75, '2025-05-15 02:19:08.000', '2025-05-15 02:19:08.000', NULL),
(526, NULL, 'Garam Halus Beryodium', 15000, 15000, 0, NULL, 29, 76, '2025-05-15 02:19:08.000', '2025-05-15 02:19:08.000', NULL),
(527, NULL, 'Garam Halus Beryodium', 15000, 15000, 0, NULL, 28, 76, '2025-05-15 02:19:08.000', '2025-05-15 02:19:08.000', NULL),
(528, NULL, 'Garam Halus Beryodium', 15000, 15000, 0, NULL, 27, 76, '2025-05-15 02:19:08.000', '2025-05-15 02:19:08.000', NULL),
(529, NULL, 'Garam Halus Beryodium', 15000, 15000, 0, NULL, 26, 76, '2025-05-15 02:19:08.000', '2025-05-15 02:19:08.000', NULL),
(530, NULL, 'Garam Halus Beryodium', 15000, 15000, 0, NULL, 25, 76, '2025-05-15 02:19:08.000', '2025-05-15 02:19:08.000', NULL),
(531, NULL, 'Garam Halus Beryodium', 15000, 15000, 0, NULL, 24, 76, '2025-05-15 02:19:08.000', '2025-05-15 02:19:08.000', NULL),
(532, NULL, 'Garam Halus Beryodium', 15000, 15000, 0, NULL, 23, 76, '2025-05-15 02:19:08.000', '2025-05-15 02:19:08.000', NULL),
(533, NULL, 'Garam Halus Beryodium', 15000, 15000, 0, NULL, 22, 76, '2025-05-15 02:19:08.000', '2025-05-15 02:19:08.000', NULL),
(534, NULL, 'Garam Halus Beryodium', 15000, 15000, 0, NULL, 21, 76, '2025-05-15 02:19:08.000', '2025-05-15 02:19:08.000', NULL),
(535, NULL, 'Garam Halus Beryodium', 15000, 15000, 0, NULL, 20, 76, '2025-05-15 02:19:08.000', '2025-05-15 02:19:08.000', NULL),
(536, NULL, 'Susu Kental Manis Frisian Flag', 14000, 14000, 0, NULL, 29, 77, '2025-05-15 02:19:08.000', '2025-05-15 02:19:08.000', NULL),
(537, NULL, 'Susu Kental Manis Frisian Flag', 14000, 14000, 0, NULL, 28, 77, '2025-05-15 02:19:08.000', '2025-05-15 02:19:08.000', NULL),
(538, NULL, 'Susu Kental Manis Frisian Flag', 14000, 14000, 0, NULL, 27, 77, '2025-05-15 02:19:08.000', '2025-05-15 02:19:08.000', NULL),
(539, NULL, 'Susu Kental Manis Frisian Flag', 14000, 14000, 0, NULL, 26, 77, '2025-05-15 02:19:08.000', '2025-05-15 02:19:08.000', NULL),
(540, NULL, 'Susu Kental Manis Frisian Flag', 14000, 14000, 0, NULL, 25, 77, '2025-05-15 02:19:08.000', '2025-05-15 02:19:08.000', NULL),
(541, NULL, 'Susu Kental Manis Frisian Flag', 14000, 14000, 0, NULL, 24, 77, '2025-05-15 02:19:08.000', '2025-05-15 02:19:08.000', NULL),
(542, NULL, 'Susu Kental Manis Frisian Flag', 14000, 14000, 0, NULL, 23, 77, '2025-05-15 02:19:08.000', '2025-05-15 02:19:08.000', NULL),
(543, NULL, 'Susu Kental Manis Frisian Flag', 14000, 14000, 0, NULL, 22, 77, '2025-05-15 02:19:08.000', '2025-05-15 02:19:08.000', NULL),
(544, NULL, 'Susu Kental Manis Frisian Flag', 14000, 14000, 0, NULL, 21, 77, '2025-05-15 02:19:08.000', '2025-05-15 02:19:08.000', NULL),
(545, NULL, 'Susu Kental Manis Frisian Flag', 14000, 14000, 0, NULL, 20, 77, '2025-05-15 02:19:08.000', '2025-05-15 02:19:08.000', NULL),
(546, NULL, 'Susu Bubuk Dancow Full Cream', 57000, 57000, 0, NULL, 29, 77, '2025-05-15 02:19:08.000', '2025-05-15 02:19:08.000', NULL),
(547, NULL, 'Susu Bubuk Dancow Full Cream', 57000, 57000, 0, NULL, 28, 77, '2025-05-15 02:19:08.000', '2025-05-15 02:19:08.000', NULL),
(548, NULL, 'Susu Bubuk Dancow Full Cream', 57000, 57000, 0, NULL, 27, 77, '2025-05-15 02:19:08.000', '2025-05-15 02:19:08.000', NULL),
(549, NULL, 'Susu Bubuk Dancow Full Cream', 57000, 57000, 0, NULL, 26, 77, '2025-05-15 02:19:08.000', '2025-05-15 02:19:08.000', NULL),
(550, NULL, 'Susu Bubuk Dancow Full Cream', 57000, 57000, 0, NULL, 25, 77, '2025-05-15 02:19:08.000', '2025-05-15 02:19:08.000', NULL),
(551, NULL, 'Susu Bubuk Dancow Full Cream', 57000, 57000, 0, NULL, 24, 77, '2025-05-15 02:19:08.000', '2025-05-15 02:19:08.000', NULL),
(552, NULL, 'Susu Bubuk Dancow Full Cream', 57000, 57000, 0, NULL, 23, 77, '2025-05-15 02:19:08.000', '2025-05-15 02:19:08.000', NULL),
(553, NULL, 'Susu Bubuk Dancow Full Cream', 57000, 57000, 0, NULL, 22, 77, '2025-05-15 02:19:08.000', '2025-05-15 02:19:08.000', NULL),
(554, NULL, 'Susu Bubuk Dancow Full Cream', 57000, 57000, 0, NULL, 21, 77, '2025-05-15 02:19:08.000', '2025-05-15 02:19:08.000', NULL),
(555, NULL, 'Susu Bubuk Dancow Full Cream', 57000, 57000, 0, NULL, 20, 77, '2025-05-15 02:19:08.000', '2025-05-15 02:19:08.000', NULL),
(556, NULL, 'Susu Balita Sejenis SGM', 45000, 45000, 0, NULL, 29, 77, '2025-05-15 02:19:08.000', '2025-05-15 02:19:08.000', NULL),
(557, NULL, 'Susu Balita Sejenis SGM', 45000, 45000, 0, NULL, 28, 77, '2025-05-15 02:19:08.000', '2025-05-15 02:19:08.000', NULL),
(558, NULL, 'Susu Balita Sejenis SGM', 45000, 45000, 0, NULL, 27, 77, '2025-05-15 02:19:08.000', '2025-05-15 02:19:08.000', NULL),
(559, NULL, 'Susu Balita Sejenis SGM', 45000, 45000, 0, NULL, 26, 77, '2025-05-15 02:19:08.000', '2025-05-15 02:19:08.000', NULL),
(560, NULL, 'Susu Balita Sejenis SGM', 45000, 45000, 0, NULL, 25, 77, '2025-05-15 02:19:08.000', '2025-05-15 02:19:08.000', NULL),
(561, NULL, 'Susu Balita Sejenis SGM', 45000, 45000, 0, NULL, 24, 77, '2025-05-15 02:19:08.000', '2025-05-15 02:19:08.000', NULL),
(562, NULL, 'Susu Balita Sejenis SGM', 45000, 45000, 0, NULL, 23, 77, '2025-05-15 02:19:08.000', '2025-05-15 02:19:08.000', NULL),
(563, NULL, 'Susu Balita Sejenis SGM', 45000, 45000, 0, NULL, 22, 77, '2025-05-15 02:19:08.000', '2025-05-15 02:19:08.000', NULL),
(564, NULL, 'Susu Balita Sejenis SGM', 45000, 45000, 0, NULL, 21, 77, '2025-05-15 02:19:08.000', '2025-05-15 02:19:08.000', NULL),
(565, NULL, 'Susu Balita Sejenis SGM', 45000, 45000, 0, NULL, 20, 77, '2025-05-15 02:19:08.000', '2025-05-15 02:19:08.000', NULL),
(566, NULL, 'Kacang Tanah', 40000, 40000, 0, NULL, 29, 57, '2025-05-15 02:19:08.000', '2025-05-15 02:19:08.000', NULL),
(567, NULL, 'Kacang Tanah', 40000, 40000, 0, NULL, 28, 57, '2025-05-15 02:19:08.000', '2025-05-15 02:19:08.000', NULL),
(568, NULL, 'Kacang Tanah', 40000, 40000, 0, NULL, 27, 57, '2025-05-15 02:19:08.000', '2025-05-15 02:19:08.000', NULL),
(569, NULL, 'Kacang Tanah', 40000, 40000, 0, NULL, 26, 57, '2025-05-15 02:19:08.000', '2025-05-15 02:19:08.000', NULL),
(570, NULL, 'Kacang Tanah', 40000, 40000, 0, NULL, 25, 57, '2025-05-15 02:19:08.000', '2025-05-15 02:19:08.000', NULL),
(571, NULL, 'Kacang Tanah', 40000, 40000, 0, NULL, 24, 57, '2025-05-15 02:19:08.000', '2025-05-15 02:19:08.000', NULL),
(572, NULL, 'Kacang Tanah', 40000, 40000, 0, NULL, 23, 57, '2025-05-15 02:19:08.000', '2025-05-15 02:19:08.000', NULL),
(573, NULL, 'Kacang Tanah', 40000, 40000, 0, NULL, 22, 57, '2025-05-15 02:19:08.000', '2025-05-15 02:19:08.000', NULL),
(574, NULL, 'Kacang Tanah', 40000, 40000, 0, NULL, 21, 57, '2025-05-15 02:19:08.000', '2025-05-15 02:19:08.000', NULL),
(575, NULL, 'Kacang Tanah', 40000, 40000, 0, NULL, 20, 57, '2025-05-15 02:19:08.000', '2025-05-15 02:19:08.000', NULL),
(576, NULL, 'Kacang Hijau', 25000, 25000, 0, NULL, 29, 57, '2025-05-15 02:19:08.000', '2025-05-15 02:19:08.000', NULL),
(577, NULL, 'Kacang Hijau', 25000, 25000, 0, NULL, 28, 57, '2025-05-15 02:19:08.000', '2025-05-15 02:19:08.000', NULL),
(578, NULL, 'Kacang Hijau', 25000, 25000, 0, NULL, 27, 57, '2025-05-15 02:19:08.000', '2025-05-15 02:19:08.000', NULL),
(579, NULL, 'Kacang Hijau', 25000, 25000, 0, NULL, 26, 57, '2025-05-15 02:19:08.000', '2025-05-15 02:19:08.000', NULL),
(580, NULL, 'Kacang Hijau', 25000, 25000, 0, NULL, 25, 57, '2025-05-15 02:19:08.000', '2025-05-15 02:19:08.000', NULL),
(581, NULL, 'Kacang Hijau', 25000, 25000, 0, NULL, 24, 57, '2025-05-15 02:19:08.000', '2025-05-15 02:19:08.000', NULL),
(582, NULL, 'Kacang Hijau', 25000, 25000, 0, NULL, 23, 57, '2025-05-15 02:19:08.000', '2025-05-15 02:19:08.000', NULL),
(583, NULL, 'Kacang Hijau', 25000, 25000, 0, NULL, 22, 57, '2025-05-15 02:19:08.000', '2025-05-15 02:19:08.000', NULL),
(584, NULL, 'Kacang Hijau', 25000, 25000, 0, NULL, 21, 57, '2025-05-15 02:19:08.000', '2025-05-15 02:19:08.000', NULL),
(585, NULL, 'Kacang Hijau', 25000, 25000, 0, NULL, 20, 57, '2025-05-15 02:19:08.000', '2025-05-15 02:19:08.000', NULL),
(586, NULL, 'Ikan Mas', 50000, 50000, 0, NULL, 29, NULL, '2025-05-15 02:19:08.000', '2025-05-15 02:19:08.000', NULL),
(587, NULL, 'Ikan Mas', 50000, 50000, 0, NULL, 28, NULL, '2025-05-15 02:19:08.000', '2025-05-15 02:19:08.000', NULL),
(588, NULL, 'Ikan Mas', 50000, 50000, 0, NULL, 27, NULL, '2025-05-15 02:19:08.000', '2025-05-15 02:19:08.000', NULL),
(589, NULL, 'Ikan Mas', 50000, 50000, 0, NULL, 26, NULL, '2025-05-15 02:19:08.000', '2025-05-15 02:19:08.000', NULL),
(590, NULL, 'Ikan Mas', 50000, 50000, 0, NULL, 25, NULL, '2025-05-15 02:19:08.000', '2025-05-15 02:19:08.000', NULL),
(591, NULL, 'Ikan Mas', 50000, 50000, 0, NULL, 24, NULL, '2025-05-15 02:19:08.000', '2025-05-15 02:19:08.000', NULL),
(592, NULL, 'Ikan Mas', 50000, 50000, 0, NULL, 23, NULL, '2025-05-15 02:19:08.000', '2025-05-15 02:19:08.000', NULL),
(593, NULL, 'Ikan Mas', 50000, 50000, 0, NULL, 22, NULL, '2025-05-15 02:19:08.000', '2025-05-15 02:19:08.000', NULL),
(594, NULL, 'Ikan Mas', 50000, 50000, 0, NULL, 21, NULL, '2025-05-15 02:19:08.000', '2025-05-15 02:19:08.000', NULL),
(595, NULL, 'Ikan Mas', 50000, 50000, 0, NULL, 20, NULL, '2025-05-15 02:19:08.000', '2025-05-15 02:19:08.000', NULL),
(596, NULL, 'Ikan Mujahir', 35000, 35000, 0, NULL, 29, NULL, '2025-05-15 02:19:08.000', '2025-05-15 02:19:08.000', NULL),
(597, NULL, 'Ikan Mujahir', 35000, 35000, 0, NULL, 28, NULL, '2025-05-15 02:19:08.000', '2025-05-15 02:19:08.000', NULL),
(598, NULL, 'Ikan Mujahir', 35000, 35000, 0, NULL, 27, NULL, '2025-05-15 02:19:08.000', '2025-05-15 02:19:08.000', NULL),
(599, NULL, 'Ikan Mujahir', 35000, 35000, 0, NULL, 26, NULL, '2025-05-15 02:19:08.000', '2025-05-15 02:19:08.000', NULL),
(600, NULL, 'Ikan Mujahir', 35000, 35000, 0, NULL, 25, NULL, '2025-05-15 02:19:08.000', '2025-05-15 02:19:08.000', NULL),
(601, NULL, 'Ikan Mujahir', 35000, 35000, 0, NULL, 24, NULL, '2025-05-15 02:19:08.000', '2025-05-15 02:19:08.000', NULL),
(602, NULL, 'Ikan Mujahir', 35000, 35000, 0, NULL, 23, NULL, '2025-05-15 02:19:08.000', '2025-05-15 02:19:08.000', NULL),
(603, NULL, 'Ikan Mujahir', 35000, 35000, 0, NULL, 22, NULL, '2025-05-15 02:19:08.000', '2025-05-15 02:19:08.000', NULL),
(604, NULL, 'Ikan Mujahir', 35000, 35000, 0, NULL, 21, NULL, '2025-05-15 02:19:08.000', '2025-05-15 02:19:08.000', NULL),
(605, NULL, 'Ikan Mujahir', 35000, 35000, 0, NULL, 20, NULL, '2025-05-15 02:19:08.000', '2025-05-15 02:19:08.000', NULL),
(606, NULL, 'Ikan Lele', 30000, 30000, 0, NULL, 29, NULL, '2025-05-15 02:19:08.000', '2025-05-15 02:19:08.000', NULL),
(607, NULL, 'Ikan Lele', 30000, 30000, 0, NULL, 28, NULL, '2025-05-15 02:19:08.000', '2025-05-15 02:19:08.000', NULL),
(608, NULL, 'Ikan Lele', 30000, 30000, 0, NULL, 27, NULL, '2025-05-15 02:19:08.000', '2025-05-15 02:19:08.000', NULL),
(609, NULL, 'Ikan Lele', 30000, 30000, 0, NULL, 26, NULL, '2025-05-15 02:19:08.000', '2025-05-15 02:19:08.000', NULL),
(610, NULL, 'Ikan Lele', 30000, 30000, 0, NULL, 25, NULL, '2025-05-15 02:19:08.000', '2025-05-15 02:19:08.000', NULL),
(611, NULL, 'Ikan Lele', 30000, 30000, 0, NULL, 24, NULL, '2025-05-15 02:19:08.000', '2025-05-15 02:19:08.000', NULL),
(612, NULL, 'Ikan Lele', 30000, 30000, 0, NULL, 23, NULL, '2025-05-15 02:19:08.000', '2025-05-15 02:19:08.000', NULL),
(613, NULL, 'Ikan Lele', 30000, 30000, 0, NULL, 22, NULL, '2025-05-15 02:19:08.000', '2025-05-15 02:19:08.000', NULL),
(614, NULL, 'Ikan Lele', 30000, 30000, 0, NULL, 21, NULL, '2025-05-15 02:19:08.000', '2025-05-15 02:19:08.000', NULL),
(615, NULL, 'Ikan Lele', 30000, 30000, 0, NULL, 20, NULL, '2025-05-15 02:19:08.000', '2025-05-15 02:19:08.000', NULL);

-- --------------------------------------------------------

--
-- Struktur dari tabel `price_histories`
--

CREATE TABLE `price_histories` (
  `id` bigint UNSIGNED NOT NULL,
  `item_id` bigint UNSIGNED DEFAULT NULL,
  `item_name` longtext,
  `initial_price` double DEFAULT NULL,
  `current_price` double DEFAULT NULL,
  `reason` longtext,
  `market_id` bigint UNSIGNED DEFAULT NULL,
  `category_id` bigint UNSIGNED DEFAULT NULL,
  `change_percent` double DEFAULT NULL,
  `created_at` datetime(3) DEFAULT NULL
) ENGINE=InnoDB DEFAULT CHARSET=utf8mb4 COLLATE=utf8mb4_0900_ai_ci;

--
-- Dumping data untuk tabel `price_histories`
--

INSERT INTO `price_histories` (`id`, `item_id`, `item_name`, `initial_price`, `current_price`, `reason`, `market_id`, `category_id`, `change_percent`, `created_at`) VALUES
(36, NULL, 'Beras Medium', 15000, 15000, NULL, 29, 56, 0, '2025-05-15 02:19:08.000'),
(37, NULL, 'Beras Medium', 15000, 15000, NULL, 28, 56, 0, '2025-05-15 02:19:08.000'),
(38, NULL, 'Beras Medium', 15000, 15000, NULL, 27, 56, 0, '2025-05-15 02:19:08.000'),
(39, NULL, 'Beras Medium', 15000, 15000, NULL, 26, 56, 0, '2025-05-15 02:19:08.000'),
(40, NULL, 'Beras Medium', 15000, 15000, NULL, 25, 56, 0, '2025-05-15 02:19:08.000'),
(41, NULL, 'Beras Medium', 15000, 15000, NULL, 24, 56, 0, '2025-05-15 02:19:08.000'),
(42, NULL, 'Beras Medium', 15000, 15000, NULL, 23, 56, 0, '2025-05-15 02:19:08.000'),
(43, NULL, 'Beras Medium', 15000, 15000, NULL, 22, 56, 0, '2025-05-15 02:19:08.000'),
(44, NULL, 'Beras Medium', 15000, 15000, NULL, 21, 56, 0, '2025-05-15 02:19:08.000'),
(45, NULL, 'Beras Medium', 15000, 15000, NULL, 20, 56, 0, '2025-05-15 02:19:08.000'),
(46, NULL, 'Beras IR20 Toba', 15000, 15000, NULL, 29, 56, 0, '2025-05-15 02:19:08.000'),
(47, NULL, 'Beras IR20 Toba', 15000, 15000, NULL, 28, 56, 0, '2025-05-15 02:19:08.000'),
(48, NULL, 'Beras IR20 Toba', 15000, 15000, NULL, 27, 56, 0, '2025-05-15 02:19:08.000'),
(49, NULL, 'Beras IR20 Toba', 15000, 15000, NULL, 26, 56, 0, '2025-05-15 02:19:08.000'),
(50, NULL, 'Beras IR20 Toba', 15000, 15000, NULL, 25, 56, 0, '2025-05-15 02:19:08.000'),
(51, NULL, 'Beras IR20 Toba', 15000, 15000, NULL, 24, 56, 0, '2025-05-15 02:19:08.000'),
(52, NULL, 'Beras IR20 Toba', 15000, 15000, NULL, 23, 56, 0, '2025-05-15 02:19:08.000'),
(53, NULL, 'Beras IR20 Toba', 15000, 15000, NULL, 22, 56, 0, '2025-05-15 02:19:08.000'),
(54, NULL, 'Beras IR20 Toba', 15000, 15000, NULL, 21, 56, 0, '2025-05-15 02:19:08.000'),
(55, NULL, 'Beras IR20 Toba', 15000, 15000, NULL, 20, 56, 0, '2025-05-15 02:19:08.000'),
(56, NULL, 'Beras Toba', 15625, 15625, NULL, 29, 56, 0, '2025-05-15 02:19:08.000'),
(57, NULL, 'Beras Toba', 15625, 15625, NULL, 28, 56, 0, '2025-05-15 02:19:08.000'),
(58, NULL, 'Beras Toba', 15625, 15625, NULL, 27, 56, 0, '2025-05-15 02:19:08.000'),
(59, NULL, 'Beras Toba', 15625, 15625, NULL, 26, 56, 0, '2025-05-15 02:19:08.000'),
(60, NULL, 'Beras Toba', 15625, 15625, NULL, 25, 56, 0, '2025-05-15 02:19:08.000'),
(61, NULL, 'Beras Toba', 15625, 15625, NULL, 24, 56, 0, '2025-05-15 02:19:08.000'),
(62, NULL, 'Beras Toba', 15625, 15625, NULL, 23, 56, 0, '2025-05-15 02:19:08.000'),
(63, NULL, 'Beras Toba', 15625, 15625, NULL, 22, 56, 0, '2025-05-15 02:19:08.000'),
(64, NULL, 'Beras Toba', 15625, 15625, NULL, 21, 56, 0, '2025-05-15 02:19:08.000'),
(65, NULL, 'Beras Toba', 15625, 15625, NULL, 20, 56, 0, '2025-05-15 02:19:08.000'),
(66, NULL, 'Beras SPHP (Bulog)', 13100, 13100, NULL, 29, 56, 0, '2025-05-15 02:19:08.000'),
(67, NULL, 'Beras SPHP (Bulog)', 13100, 13100, NULL, 28, 56, 0, '2025-05-15 02:19:08.000'),
(68, NULL, 'Beras SPHP (Bulog)', 13100, 13100, NULL, 27, 56, 0, '2025-05-15 02:19:08.000'),
(69, NULL, 'Beras SPHP (Bulog)', 13100, 13100, NULL, 26, 56, 0, '2025-05-15 02:19:08.000'),
(70, NULL, 'Beras SPHP (Bulog)', 13100, 13100, NULL, 25, 56, 0, '2025-05-15 02:19:08.000'),
(71, NULL, 'Beras SPHP (Bulog)', 13100, 13100, NULL, 24, 56, 0, '2025-05-15 02:19:08.000'),
(72, NULL, 'Beras SPHP (Bulog)', 13100, 13100, NULL, 23, 56, 0, '2025-05-15 02:19:08.000'),
(73, NULL, 'Beras SPHP (Bulog)', 13100, 13100, NULL, 22, 56, 0, '2025-05-15 02:19:08.000'),
(74, NULL, 'Beras SPHP (Bulog)', 13100, 13100, NULL, 21, 56, 0, '2025-05-15 02:19:08.000'),
(75, NULL, 'Beras SPHP (Bulog)', 13100, 13100, NULL, 20, 56, 0, '2025-05-15 02:19:08.000'),
(76, NULL, 'Kacang Kedelai Lokal', 15000, 15000, NULL, 29, 57, 0, '2025-05-15 02:19:08.000'),
(77, NULL, 'Kacang Kedelai Lokal', 15000, 15000, NULL, 28, 57, 0, '2025-05-15 02:19:08.000'),
(78, NULL, 'Kacang Kedelai Lokal', 15000, 15000, NULL, 27, 57, 0, '2025-05-15 02:19:08.000'),
(79, NULL, 'Kacang Kedelai Lokal', 15000, 15000, NULL, 26, 57, 0, '2025-05-15 02:19:08.000'),
(80, NULL, 'Kacang Kedelai Lokal', 15000, 15000, NULL, 25, 57, 0, '2025-05-15 02:19:08.000'),
(81, NULL, 'Kacang Kedelai Lokal', 15000, 15000, NULL, 24, 57, 0, '2025-05-15 02:19:08.000'),
(82, NULL, 'Kacang Kedelai Lokal', 15000, 15000, NULL, 23, 57, 0, '2025-05-15 02:19:08.000'),
(83, NULL, 'Kacang Kedelai Lokal', 15000, 15000, NULL, 22, 57, 0, '2025-05-15 02:19:08.000'),
(84, NULL, 'Kacang Kedelai Lokal', 15000, 15000, NULL, 21, 57, 0, '2025-05-15 02:19:08.000'),
(85, NULL, 'Kacang Kedelai Lokal', 15000, 15000, NULL, 20, 57, 0, '2025-05-15 02:19:08.000'),
(86, NULL, 'Cabe Merah Keriting', 40000, 40000, NULL, 29, 58, 0, '2025-05-15 02:19:08.000'),
(87, NULL, 'Cabe Merah Keriting', 40000, 40000, NULL, 28, 58, 0, '2025-05-15 02:19:08.000'),
(88, NULL, 'Cabe Merah Keriting', 40000, 40000, NULL, 27, 58, 0, '2025-05-15 02:19:08.000'),
(89, NULL, 'Cabe Merah Keriting', 40000, 40000, NULL, 26, 58, 0, '2025-05-15 02:19:08.000'),
(90, NULL, 'Cabe Merah Keriting', 40000, 40000, NULL, 25, 58, 0, '2025-05-15 02:19:08.000'),
(91, NULL, 'Cabe Merah Keriting', 40000, 40000, NULL, 24, 58, 0, '2025-05-15 02:19:08.000'),
(92, NULL, 'Cabe Merah Keriting', 40000, 40000, NULL, 23, 58, 0, '2025-05-15 02:19:08.000'),
(93, NULL, 'Cabe Merah Keriting', 40000, 40000, NULL, 22, 58, 0, '2025-05-15 02:19:08.000'),
(94, NULL, 'Cabe Merah Keriting', 40000, 40000, NULL, 21, 58, 0, '2025-05-15 02:19:08.000'),
(95, NULL, 'Cabe Merah Keriting', 40000, 40000, NULL, 20, 58, 0, '2025-05-15 02:19:08.000'),
(96, NULL, 'Cabe Rawit Merah', 55000, 55000, NULL, 29, 58, 0, '2025-05-15 02:19:08.000'),
(97, NULL, 'Cabe Rawit Merah', 55000, 55000, NULL, 28, 58, 0, '2025-05-15 02:19:08.000'),
(98, NULL, 'Cabe Rawit Merah', 55000, 55000, NULL, 27, 58, 0, '2025-05-15 02:19:08.000'),
(99, NULL, 'Cabe Rawit Merah', 55000, 55000, NULL, 26, 58, 0, '2025-05-15 02:19:08.000'),
(100, NULL, 'Cabe Rawit Merah', 55000, 55000, NULL, 25, 58, 0, '2025-05-15 02:19:08.000'),
(101, NULL, 'Cabe Rawit Merah', 55000, 55000, NULL, 24, 58, 0, '2025-05-15 02:19:08.000'),
(102, NULL, 'Cabe Rawit Merah', 55000, 55000, NULL, 23, 58, 0, '2025-05-15 02:19:08.000'),
(103, NULL, 'Cabe Rawit Merah', 55000, 55000, NULL, 22, 58, 0, '2025-05-15 02:19:08.000'),
(104, NULL, 'Cabe Rawit Merah', 55000, 55000, NULL, 21, 58, 0, '2025-05-15 02:19:08.000'),
(105, NULL, 'Cabe Rawit Merah', 55000, 55000, NULL, 20, 58, 0, '2025-05-15 02:19:08.000'),
(106, NULL, 'Cabe Rawit Hijau', 50000, 50000, NULL, 29, 58, 0, '2025-05-15 02:19:08.000'),
(107, NULL, 'Cabe Rawit Hijau', 50000, 50000, NULL, 28, 58, 0, '2025-05-15 02:19:08.000'),
(108, NULL, 'Cabe Rawit Hijau', 50000, 50000, NULL, 27, 58, 0, '2025-05-15 02:19:08.000'),
(109, NULL, 'Cabe Rawit Hijau', 50000, 50000, NULL, 26, 58, 0, '2025-05-15 02:19:08.000'),
(110, NULL, 'Cabe Rawit Hijau', 50000, 50000, NULL, 25, 58, 0, '2025-05-15 02:19:08.000'),
(111, NULL, 'Cabe Rawit Hijau', 50000, 50000, NULL, 24, 58, 0, '2025-05-15 02:19:08.000'),
(112, NULL, 'Cabe Rawit Hijau', 50000, 50000, NULL, 23, 58, 0, '2025-05-15 02:19:08.000'),
(113, NULL, 'Cabe Rawit Hijau', 50000, 50000, NULL, 22, 58, 0, '2025-05-15 02:19:08.000'),
(114, NULL, 'Cabe Rawit Hijau', 50000, 50000, NULL, 21, 58, 0, '2025-05-15 02:19:08.000'),
(115, NULL, 'Cabe Rawit Hijau', 50000, 50000, NULL, 20, 58, 0, '2025-05-15 02:19:08.000'),
(116, NULL, 'Cabe Hijau', 35000, 35000, NULL, 29, 58, 0, '2025-05-15 02:19:08.000'),
(117, NULL, 'Cabe Hijau', 35000, 35000, NULL, 28, 58, 0, '2025-05-15 02:19:08.000'),
(118, NULL, 'Cabe Hijau', 35000, 35000, NULL, 27, 58, 0, '2025-05-15 02:19:08.000'),
(119, NULL, 'Cabe Hijau', 35000, 35000, NULL, 26, 58, 0, '2025-05-15 02:19:08.000'),
(120, NULL, 'Cabe Hijau', 35000, 35000, NULL, 25, 58, 0, '2025-05-15 02:19:08.000'),
(121, NULL, 'Cabe Hijau', 35000, 35000, NULL, 24, 58, 0, '2025-05-15 02:19:08.000'),
(122, NULL, 'Cabe Hijau', 35000, 35000, NULL, 23, 58, 0, '2025-05-15 02:19:08.000'),
(123, NULL, 'Cabe Hijau', 35000, 35000, NULL, 22, 58, 0, '2025-05-15 02:19:08.000'),
(124, NULL, 'Cabe Hijau', 35000, 35000, NULL, 21, 58, 0, '2025-05-15 02:19:08.000'),
(125, NULL, 'Cabe Hijau', 35000, 35000, NULL, 20, 58, 0, '2025-05-15 02:19:08.000'),
(126, NULL, 'Bawang Merah Peking (Impor)', 30000, 30000, NULL, 29, 59, 0, '2025-05-15 02:19:08.000'),
(127, NULL, 'Bawang Merah Peking (Impor)', 30000, 30000, NULL, 28, 59, 0, '2025-05-15 02:19:08.000'),
(128, NULL, 'Bawang Merah Peking (Impor)', 30000, 30000, NULL, 27, 59, 0, '2025-05-15 02:19:08.000'),
(129, NULL, 'Bawang Merah Peking (Impor)', 30000, 30000, NULL, 26, 59, 0, '2025-05-15 02:19:08.000'),
(130, NULL, 'Bawang Merah Peking (Impor)', 30000, 30000, NULL, 25, 59, 0, '2025-05-15 02:19:08.000'),
(131, NULL, 'Bawang Merah Peking (Impor)', 30000, 30000, NULL, 24, 59, 0, '2025-05-15 02:19:08.000'),
(132, NULL, 'Bawang Merah Peking (Impor)', 30000, 30000, NULL, 23, 59, 0, '2025-05-15 02:19:08.000'),
(133, NULL, 'Bawang Merah Peking (Impor)', 30000, 30000, NULL, 22, 59, 0, '2025-05-15 02:19:08.000'),
(134, NULL, 'Bawang Merah Peking (Impor)', 30000, 30000, NULL, 21, 59, 0, '2025-05-15 02:19:08.000'),
(135, NULL, 'Bawang Merah Peking (Impor)', 30000, 30000, NULL, 20, 59, 0, '2025-05-15 02:19:08.000'),
(136, NULL, 'Bawang Merah', 40000, 40000, NULL, 29, 59, 0, '2025-05-15 02:19:08.000'),
(137, NULL, 'Bawang Merah', 40000, 40000, NULL, 28, 59, 0, '2025-05-15 02:19:08.000'),
(138, NULL, 'Bawang Merah', 40000, 40000, NULL, 27, 59, 0, '2025-05-15 02:19:08.000'),
(139, NULL, 'Bawang Merah', 40000, 40000, NULL, 26, 59, 0, '2025-05-15 02:19:08.000'),
(140, NULL, 'Bawang Merah', 40000, 40000, NULL, 25, 59, 0, '2025-05-15 02:19:08.000'),
(141, NULL, 'Bawang Merah', 40000, 40000, NULL, 24, 59, 0, '2025-05-15 02:19:08.000'),
(142, NULL, 'Bawang Merah', 40000, 40000, NULL, 23, 59, 0, '2025-05-15 02:19:08.000'),
(143, NULL, 'Bawang Merah', 40000, 40000, NULL, 22, 59, 0, '2025-05-15 02:19:08.000'),
(144, NULL, 'Bawang Merah', 40000, 40000, NULL, 21, 59, 0, '2025-05-15 02:19:08.000'),
(145, NULL, 'Bawang Merah', 40000, 40000, NULL, 20, 59, 0, '2025-05-15 02:19:08.000'),
(146, NULL, 'Bawang Putih', 45000, 45000, NULL, 29, 59, 0, '2025-05-15 02:19:08.000'),
(147, NULL, 'Bawang Putih', 45000, 45000, NULL, 28, 59, 0, '2025-05-15 02:19:08.000'),
(148, NULL, 'Bawang Putih', 45000, 45000, NULL, 27, 59, 0, '2025-05-15 02:19:08.000'),
(149, NULL, 'Bawang Putih', 45000, 45000, NULL, 26, 59, 0, '2025-05-15 02:19:08.000'),
(150, NULL, 'Bawang Putih', 45000, 45000, NULL, 25, 59, 0, '2025-05-15 02:19:08.000'),
(151, NULL, 'Bawang Putih', 45000, 45000, NULL, 24, 59, 0, '2025-05-15 02:19:08.000'),
(152, NULL, 'Bawang Putih', 45000, 45000, NULL, 23, 59, 0, '2025-05-15 02:19:08.000'),
(153, NULL, 'Bawang Putih', 45000, 45000, NULL, 22, 59, 0, '2025-05-15 02:19:08.000'),
(154, NULL, 'Bawang Putih', 45000, 45000, NULL, 21, 59, 0, '2025-05-15 02:19:08.000'),
(155, NULL, 'Bawang Putih', 45000, 45000, NULL, 20, 59, 0, '2025-05-15 02:19:08.000'),
(156, NULL, 'Bawang Bombay', 35000, 35000, NULL, 29, 59, 0, '2025-05-15 02:19:08.000'),
(157, NULL, 'Bawang Bombay', 35000, 35000, NULL, 28, 59, 0, '2025-05-15 02:19:08.000'),
(158, NULL, 'Bawang Bombay', 35000, 35000, NULL, 27, 59, 0, '2025-05-15 02:19:08.000'),
(159, NULL, 'Bawang Bombay', 35000, 35000, NULL, 26, 59, 0, '2025-05-15 02:19:08.000'),
(160, NULL, 'Bawang Bombay', 35000, 35000, NULL, 25, 59, 0, '2025-05-15 02:19:08.000'),
(161, NULL, 'Bawang Bombay', 35000, 35000, NULL, 24, 59, 0, '2025-05-15 02:19:08.000'),
(162, NULL, 'Bawang Bombay', 35000, 35000, NULL, 23, 59, 0, '2025-05-15 02:19:08.000'),
(163, NULL, 'Bawang Bombay', 35000, 35000, NULL, 22, 59, 0, '2025-05-15 02:19:08.000'),
(164, NULL, 'Bawang Bombay', 35000, 35000, NULL, 21, 59, 0, '2025-05-15 02:19:08.000'),
(165, NULL, 'Bawang Bombay', 35000, 35000, NULL, 20, 59, 0, '2025-05-15 02:19:08.000'),
(166, NULL, 'Gula Pasir Curah', 19000, 19000, NULL, 29, 60, 0, '2025-05-15 02:19:08.000'),
(167, NULL, 'Gula Pasir Curah', 19000, 19000, NULL, 28, 60, 0, '2025-05-15 02:19:08.000'),
(168, NULL, 'Gula Pasir Curah', 19000, 19000, NULL, 27, 60, 0, '2025-05-15 02:19:08.000'),
(169, NULL, 'Gula Pasir Curah', 19000, 19000, NULL, 26, 60, 0, '2025-05-15 02:19:08.000'),
(170, NULL, 'Gula Pasir Curah', 19000, 19000, NULL, 25, 60, 0, '2025-05-15 02:19:08.000'),
(171, NULL, 'Gula Pasir Curah', 19000, 19000, NULL, 24, 60, 0, '2025-05-15 02:19:08.000'),
(172, NULL, 'Gula Pasir Curah', 19000, 19000, NULL, 23, 60, 0, '2025-05-15 02:19:08.000'),
(173, NULL, 'Gula Pasir Curah', 19000, 19000, NULL, 22, 60, 0, '2025-05-15 02:19:08.000'),
(174, NULL, 'Gula Pasir Curah', 19000, 19000, NULL, 21, 60, 0, '2025-05-15 02:19:08.000'),
(175, NULL, 'Gula Pasir Curah', 19000, 19000, NULL, 20, 60, 0, '2025-05-15 02:19:08.000'),
(176, NULL, 'Gula Pasir Kemasan', 21000, 21000, NULL, 29, 60, 0, '2025-05-15 02:19:08.000'),
(177, NULL, 'Gula Pasir Kemasan', 21000, 21000, NULL, 28, 60, 0, '2025-05-15 02:19:08.000'),
(178, NULL, 'Gula Pasir Kemasan', 21000, 21000, NULL, 27, 60, 0, '2025-05-15 02:19:08.000'),
(179, NULL, 'Gula Pasir Kemasan', 21000, 21000, NULL, 26, 60, 0, '2025-05-15 02:19:08.000'),
(180, NULL, 'Gula Pasir Kemasan', 21000, 21000, NULL, 25, 60, 0, '2025-05-15 02:19:08.000'),
(181, NULL, 'Gula Pasir Kemasan', 21000, 21000, NULL, 24, 60, 0, '2025-05-15 02:19:08.000'),
(182, NULL, 'Gula Pasir Kemasan', 21000, 21000, NULL, 23, 60, 0, '2025-05-15 02:19:08.000'),
(183, NULL, 'Gula Pasir Kemasan', 21000, 21000, NULL, 22, 60, 0, '2025-05-15 02:19:08.000'),
(184, NULL, 'Gula Pasir Kemasan', 21000, 21000, NULL, 21, 60, 0, '2025-05-15 02:19:08.000'),
(185, NULL, 'Gula Pasir Kemasan', 21000, 21000, NULL, 20, 60, 0, '2025-05-15 02:19:08.000'),
(186, NULL, 'Minyak Curah', 18000, 18000, NULL, 29, 61, 0, '2025-05-15 02:19:08.000'),
(187, NULL, 'Minyak Curah', 18000, 18000, NULL, 28, 61, 0, '2025-05-15 02:19:08.000'),
(188, NULL, 'Minyak Curah', 18000, 18000, NULL, 27, 61, 0, '2025-05-15 02:19:08.000'),
(189, NULL, 'Minyak Curah', 18000, 18000, NULL, 26, 61, 0, '2025-05-15 02:19:08.000'),
(190, NULL, 'Minyak Curah', 18000, 18000, NULL, 25, 61, 0, '2025-05-15 02:19:08.000'),
(191, NULL, 'Minyak Curah', 18000, 18000, NULL, 24, 61, 0, '2025-05-15 02:19:08.000'),
(192, NULL, 'Minyak Curah', 18000, 18000, NULL, 23, 61, 0, '2025-05-15 02:19:08.000'),
(193, NULL, 'Minyak Curah', 18000, 18000, NULL, 22, 61, 0, '2025-05-15 02:19:08.000'),
(194, NULL, 'Minyak Curah', 18000, 18000, NULL, 21, 61, 0, '2025-05-15 02:19:08.000'),
(195, NULL, 'Minyak Curah', 18000, 18000, NULL, 20, 61, 0, '2025-05-15 02:19:08.000'),
(196, NULL, 'Minyak Kemasan Premium', 22000, 22000, NULL, 29, 61, 0, '2025-05-15 02:19:08.000'),
(197, NULL, 'Minyak Kemasan Premium', 22000, 22000, NULL, 28, 61, 0, '2025-05-15 02:19:08.000'),
(198, NULL, 'Minyak Kemasan Premium', 22000, 22000, NULL, 27, 61, 0, '2025-05-15 02:19:08.000'),
(199, NULL, 'Minyak Kemasan Premium', 22000, 22000, NULL, 26, 61, 0, '2025-05-15 02:19:08.000'),
(200, NULL, 'Minyak Kemasan Premium', 22000, 22000, NULL, 25, 61, 0, '2025-05-15 02:19:08.000'),
(201, NULL, 'Minyak Kemasan Premium', 22000, 22000, NULL, 24, 61, 0, '2025-05-15 02:19:08.000'),
(202, NULL, 'Minyak Kemasan Premium', 22000, 22000, NULL, 23, 61, 0, '2025-05-15 02:19:08.000'),
(203, NULL, 'Minyak Kemasan Premium', 22000, 22000, NULL, 22, 61, 0, '2025-05-15 02:19:08.000'),
(204, NULL, 'Minyak Kemasan Premium', 22000, 22000, NULL, 21, 61, 0, '2025-05-15 02:19:08.000'),
(205, NULL, 'Minyak Kemasan Premium', 22000, 22000, NULL, 20, 61, 0, '2025-05-15 02:19:08.000'),
(206, NULL, 'Minyak Kemasan Sederhana', 19000, 19000, NULL, 29, 61, 0, '2025-05-15 02:19:08.000'),
(207, NULL, 'Minyak Kemasan Sederhana', 19000, 19000, NULL, 28, 61, 0, '2025-05-15 02:19:08.000'),
(208, NULL, 'Minyak Kemasan Sederhana', 19000, 19000, NULL, 27, 61, 0, '2025-05-15 02:19:08.000'),
(209, NULL, 'Minyak Kemasan Sederhana', 19000, 19000, NULL, 26, 61, 0, '2025-05-15 02:19:08.000'),
(210, NULL, 'Minyak Kemasan Sederhana', 19000, 19000, NULL, 25, 61, 0, '2025-05-15 02:19:08.000'),
(211, NULL, 'Minyak Kemasan Sederhana', 19000, 19000, NULL, 24, 61, 0, '2025-05-15 02:19:08.000'),
(212, NULL, 'Minyak Kemasan Sederhana', 19000, 19000, NULL, 23, 61, 0, '2025-05-15 02:19:08.000'),
(213, NULL, 'Minyak Kemasan Sederhana', 19000, 19000, NULL, 22, 61, 0, '2025-05-15 02:19:08.000'),
(214, NULL, 'Minyak Kemasan Sederhana', 19000, 19000, NULL, 21, 61, 0, '2025-05-15 02:19:08.000'),
(215, NULL, 'Minyak Kemasan Sederhana', 19000, 19000, NULL, 20, 61, 0, '2025-05-15 02:19:08.000'),
(216, NULL, 'Minyak Kita', 17000, 17000, NULL, 29, 61, 0, '2025-05-15 02:19:08.000'),
(217, NULL, 'Minyak Kita', 17000, 17000, NULL, 28, 61, 0, '2025-05-15 02:19:08.000'),
(218, NULL, 'Minyak Kita', 17000, 17000, NULL, 27, 61, 0, '2025-05-15 02:19:08.000'),
(219, NULL, 'Minyak Kita', 17000, 17000, NULL, 26, 61, 0, '2025-05-15 02:19:08.000'),
(220, NULL, 'Minyak Kita', 17000, 17000, NULL, 25, 61, 0, '2025-05-15 02:19:08.000'),
(221, NULL, 'Minyak Kita', 17000, 17000, NULL, 24, 61, 0, '2025-05-15 02:19:08.000'),
(222, NULL, 'Minyak Kita', 17000, 17000, NULL, 23, 61, 0, '2025-05-15 02:19:08.000'),
(223, NULL, 'Minyak Kita', 17000, 17000, NULL, 22, 61, 0, '2025-05-15 02:19:08.000'),
(224, NULL, 'Minyak Kita', 17000, 17000, NULL, 21, 61, 0, '2025-05-15 02:19:08.000'),
(225, NULL, 'Minyak Kita', 17000, 17000, NULL, 20, 61, 0, '2025-05-15 02:19:08.000'),
(226, NULL, 'Tepung Terigu Protein Rendah', 15000, 15000, NULL, 29, 62, 0, '2025-05-15 02:19:08.000'),
(227, NULL, 'Tepung Terigu Protein Rendah', 15000, 15000, NULL, 28, 62, 0, '2025-05-15 02:19:08.000'),
(228, NULL, 'Tepung Terigu Protein Rendah', 15000, 15000, NULL, 27, 62, 0, '2025-05-15 02:19:08.000'),
(229, NULL, 'Tepung Terigu Protein Rendah', 15000, 15000, NULL, 26, 62, 0, '2025-05-15 02:19:08.000'),
(230, NULL, 'Tepung Terigu Protein Rendah', 15000, 15000, NULL, 25, 62, 0, '2025-05-15 02:19:08.000'),
(231, NULL, 'Tepung Terigu Protein Rendah', 15000, 15000, NULL, 24, 62, 0, '2025-05-15 02:19:08.000'),
(232, NULL, 'Tepung Terigu Protein Rendah', 15000, 15000, NULL, 23, 62, 0, '2025-05-15 02:19:08.000'),
(233, NULL, 'Tepung Terigu Protein Rendah', 15000, 15000, NULL, 22, 62, 0, '2025-05-15 02:19:08.000'),
(234, NULL, 'Tepung Terigu Protein Rendah', 15000, 15000, NULL, 21, 62, 0, '2025-05-15 02:19:08.000'),
(235, NULL, 'Tepung Terigu Protein Rendah', 15000, 15000, NULL, 20, 62, 0, '2025-05-15 02:19:08.000'),
(236, NULL, 'Tepung Terigu Protein Sedang', 15000, 15000, NULL, 29, 62, 0, '2025-05-15 02:19:08.000'),
(237, NULL, 'Tepung Terigu Protein Sedang', 15000, 15000, NULL, 28, 62, 0, '2025-05-15 02:19:08.000'),
(238, NULL, 'Tepung Terigu Protein Sedang', 15000, 15000, NULL, 27, 62, 0, '2025-05-15 02:19:08.000'),
(239, NULL, 'Tepung Terigu Protein Sedang', 15000, 15000, NULL, 26, 62, 0, '2025-05-15 02:19:08.000'),
(240, NULL, 'Tepung Terigu Protein Sedang', 15000, 15000, NULL, 25, 62, 0, '2025-05-15 02:19:08.000'),
(241, NULL, 'Tepung Terigu Protein Sedang', 15000, 15000, NULL, 24, 62, 0, '2025-05-15 02:19:08.000'),
(242, NULL, 'Tepung Terigu Protein Sedang', 15000, 15000, NULL, 23, 62, 0, '2025-05-15 02:19:08.000'),
(243, NULL, 'Tepung Terigu Protein Sedang', 15000, 15000, NULL, 22, 62, 0, '2025-05-15 02:19:08.000'),
(244, NULL, 'Tepung Terigu Protein Sedang', 15000, 15000, NULL, 21, 62, 0, '2025-05-15 02:19:08.000'),
(245, NULL, 'Tepung Terigu Protein Sedang', 15000, 15000, NULL, 20, 62, 0, '2025-05-15 02:19:08.000'),
(246, NULL, 'Tepung Terigu Protein Tinggi', 17000, 17000, NULL, 29, 62, 0, '2025-05-15 02:19:08.000'),
(247, NULL, 'Tepung Terigu Protein Tinggi', 17000, 17000, NULL, 28, 62, 0, '2025-05-15 02:19:08.000'),
(248, NULL, 'Tepung Terigu Protein Tinggi', 17000, 17000, NULL, 27, 62, 0, '2025-05-15 02:19:08.000'),
(249, NULL, 'Tepung Terigu Protein Tinggi', 17000, 17000, NULL, 26, 62, 0, '2025-05-15 02:19:08.000'),
(250, NULL, 'Tepung Terigu Protein Tinggi', 17000, 17000, NULL, 25, 62, 0, '2025-05-15 02:19:08.000'),
(251, NULL, 'Tepung Terigu Protein Tinggi', 17000, 17000, NULL, 24, 62, 0, '2025-05-15 02:19:08.000'),
(252, NULL, 'Tepung Terigu Protein Tinggi', 17000, 17000, NULL, 23, 62, 0, '2025-05-15 02:19:08.000'),
(253, NULL, 'Tepung Terigu Protein Tinggi', 17000, 17000, NULL, 22, 62, 0, '2025-05-15 02:19:08.000'),
(254, NULL, 'Tepung Terigu Protein Tinggi', 17000, 17000, NULL, 21, 62, 0, '2025-05-15 02:19:08.000'),
(255, NULL, 'Tepung Terigu Protein Tinggi', 17000, 17000, NULL, 20, 62, 0, '2025-05-15 02:19:08.000'),
(256, NULL, 'Ayam Broiler', 33000, 33000, NULL, 29, 63, 0, '2025-05-15 02:19:08.000'),
(257, NULL, 'Ayam Broiler', 33000, 33000, NULL, 28, 63, 0, '2025-05-15 02:19:08.000'),
(258, NULL, 'Ayam Broiler', 33000, 33000, NULL, 27, 63, 0, '2025-05-15 02:19:08.000'),
(259, NULL, 'Ayam Broiler', 33000, 33000, NULL, 26, 63, 0, '2025-05-15 02:19:08.000'),
(260, NULL, 'Ayam Broiler', 33000, 33000, NULL, 25, 63, 0, '2025-05-15 02:19:08.000'),
(261, NULL, 'Ayam Broiler', 33000, 33000, NULL, 24, 63, 0, '2025-05-15 02:19:08.000'),
(262, NULL, 'Ayam Broiler', 33000, 33000, NULL, 23, 63, 0, '2025-05-15 02:19:08.000'),
(263, NULL, 'Ayam Broiler', 33000, 33000, NULL, 22, 63, 0, '2025-05-15 02:19:08.000'),
(264, NULL, 'Ayam Broiler', 33000, 33000, NULL, 21, 63, 0, '2025-05-15 02:19:08.000'),
(265, NULL, 'Ayam Broiler', 33000, 33000, NULL, 20, 63, 0, '2025-05-15 02:19:08.000'),
(266, NULL, 'Ayam Kampung', 80000, 80000, NULL, 29, 63, 0, '2025-05-15 02:19:08.000'),
(267, NULL, 'Ayam Kampung', 80000, 80000, NULL, 28, 63, 0, '2025-05-15 02:19:08.000'),
(268, NULL, 'Ayam Kampung', 80000, 80000, NULL, 27, 63, 0, '2025-05-15 02:19:08.000'),
(269, NULL, 'Ayam Kampung', 80000, 80000, NULL, 26, 63, 0, '2025-05-15 02:19:08.000'),
(270, NULL, 'Ayam Kampung', 80000, 80000, NULL, 25, 63, 0, '2025-05-15 02:19:08.000'),
(271, NULL, 'Ayam Kampung', 80000, 80000, NULL, 24, 63, 0, '2025-05-15 02:19:08.000'),
(272, NULL, 'Ayam Kampung', 80000, 80000, NULL, 23, 63, 0, '2025-05-15 02:19:08.000'),
(273, NULL, 'Ayam Kampung', 80000, 80000, NULL, 22, 63, 0, '2025-05-15 02:19:08.000'),
(274, NULL, 'Ayam Kampung', 80000, 80000, NULL, 21, 63, 0, '2025-05-15 02:19:08.000'),
(275, NULL, 'Ayam Kampung', 80000, 80000, NULL, 20, 63, 0, '2025-05-15 02:19:08.000'),
(276, NULL, 'Ayam Potong', 35000, 35000, NULL, 29, 63, 0, '2025-05-15 02:19:08.000'),
(277, NULL, 'Ayam Potong', 35000, 35000, NULL, 28, 63, 0, '2025-05-15 02:19:08.000'),
(278, NULL, 'Ayam Potong', 35000, 35000, NULL, 27, 63, 0, '2025-05-15 02:19:08.000'),
(279, NULL, 'Ayam Potong', 35000, 35000, NULL, 26, 63, 0, '2025-05-15 02:19:08.000'),
(280, NULL, 'Ayam Potong', 35000, 35000, NULL, 25, 63, 0, '2025-05-15 02:19:08.000'),
(281, NULL, 'Ayam Potong', 35000, 35000, NULL, 24, 63, 0, '2025-05-15 02:19:08.000'),
(282, NULL, 'Ayam Potong', 35000, 35000, NULL, 23, 63, 0, '2025-05-15 02:19:08.000'),
(283, NULL, 'Ayam Potong', 35000, 35000, NULL, 22, 63, 0, '2025-05-15 02:19:08.000'),
(284, NULL, 'Ayam Potong', 35000, 35000, NULL, 21, 63, 0, '2025-05-15 02:19:08.000'),
(285, NULL, 'Ayam Potong', 35000, 35000, NULL, 20, 63, 0, '2025-05-15 02:19:08.000'),
(286, NULL, 'Daging Sapi Murni', 150000, 150000, NULL, 29, 64, 0, '2025-05-15 02:19:08.000'),
(287, NULL, 'Daging Sapi Murni', 150000, 150000, NULL, 28, 64, 0, '2025-05-15 02:19:08.000'),
(288, NULL, 'Daging Sapi Murni', 150000, 150000, NULL, 27, 64, 0, '2025-05-15 02:19:08.000'),
(289, NULL, 'Daging Sapi Murni', 150000, 150000, NULL, 26, 64, 0, '2025-05-15 02:19:08.000'),
(290, NULL, 'Daging Sapi Murni', 150000, 150000, NULL, 25, 64, 0, '2025-05-15 02:19:08.000'),
(291, NULL, 'Daging Sapi Murni', 150000, 150000, NULL, 24, 64, 0, '2025-05-15 02:19:08.000'),
(292, NULL, 'Daging Sapi Murni', 150000, 150000, NULL, 23, 64, 0, '2025-05-15 02:19:08.000'),
(293, NULL, 'Daging Sapi Murni', 150000, 150000, NULL, 22, 64, 0, '2025-05-15 02:19:08.000'),
(294, NULL, 'Daging Sapi Murni', 150000, 150000, NULL, 21, 64, 0, '2025-05-15 02:19:08.000'),
(295, NULL, 'Daging Sapi Murni', 150000, 150000, NULL, 20, 64, 0, '2025-05-15 02:19:08.000'),
(296, NULL, 'Daging Kerbau Lokal', 170000, 170000, NULL, 29, 65, 0, '2025-05-15 02:19:08.000'),
(297, NULL, 'Daging Kerbau Lokal', 170000, 170000, NULL, 28, 65, 0, '2025-05-15 02:19:08.000'),
(298, NULL, 'Daging Kerbau Lokal', 170000, 170000, NULL, 27, 65, 0, '2025-05-15 02:19:08.000'),
(299, NULL, 'Daging Kerbau Lokal', 170000, 170000, NULL, 26, 65, 0, '2025-05-15 02:19:08.000'),
(300, NULL, 'Daging Kerbau Lokal', 170000, 170000, NULL, 25, 65, 0, '2025-05-15 02:19:08.000'),
(301, NULL, 'Daging Kerbau Lokal', 170000, 170000, NULL, 24, 65, 0, '2025-05-15 02:19:08.000'),
(302, NULL, 'Daging Kerbau Lokal', 170000, 170000, NULL, 23, 65, 0, '2025-05-15 02:19:08.000'),
(303, NULL, 'Daging Kerbau Lokal', 170000, 170000, NULL, 22, 65, 0, '2025-05-15 02:19:08.000'),
(304, NULL, 'Daging Kerbau Lokal', 170000, 170000, NULL, 21, 65, 0, '2025-05-15 02:19:08.000'),
(305, NULL, 'Daging Kerbau Lokal', 170000, 170000, NULL, 20, 65, 0, '2025-05-15 02:19:08.000'),
(306, NULL, 'Telur Ayam Broiler', 26600, 26600, NULL, 29, 66, 0, '2025-05-15 02:19:08.000'),
(307, NULL, 'Telur Ayam Broiler', 26600, 26600, NULL, 28, 66, 0, '2025-05-15 02:19:08.000'),
(308, NULL, 'Telur Ayam Broiler', 26600, 26600, NULL, 27, 66, 0, '2025-05-15 02:19:08.000'),
(309, NULL, 'Telur Ayam Broiler', 26600, 26600, NULL, 26, 66, 0, '2025-05-15 02:19:08.000'),
(310, NULL, 'Telur Ayam Broiler', 26600, 26600, NULL, 25, 66, 0, '2025-05-15 02:19:08.000'),
(311, NULL, 'Telur Ayam Broiler', 26600, 26600, NULL, 24, 66, 0, '2025-05-15 02:19:08.000'),
(312, NULL, 'Telur Ayam Broiler', 26600, 26600, NULL, 23, 66, 0, '2025-05-15 02:19:08.000'),
(313, NULL, 'Telur Ayam Broiler', 26600, 26600, NULL, 22, 66, 0, '2025-05-15 02:19:08.000'),
(314, NULL, 'Telur Ayam Broiler', 26600, 26600, NULL, 21, 66, 0, '2025-05-15 02:19:08.000'),
(315, NULL, 'Telur Ayam Broiler', 26600, 26600, NULL, 20, 66, 0, '2025-05-15 02:19:08.000'),
(316, NULL, 'Telur Ayam Kampung', 63000, 63000, NULL, 29, 66, 0, '2025-05-15 02:19:08.000'),
(317, NULL, 'Telur Ayam Kampung', 63000, 63000, NULL, 28, 66, 0, '2025-05-15 02:19:08.000'),
(318, NULL, 'Telur Ayam Kampung', 63000, 63000, NULL, 27, 66, 0, '2025-05-15 02:19:08.000'),
(319, NULL, 'Telur Ayam Kampung', 63000, 63000, NULL, 26, 66, 0, '2025-05-15 02:19:08.000'),
(320, NULL, 'Telur Ayam Kampung', 63000, 63000, NULL, 25, 66, 0, '2025-05-15 02:19:08.000'),
(321, NULL, 'Telur Ayam Kampung', 63000, 63000, NULL, 24, 66, 0, '2025-05-15 02:19:08.000'),
(322, NULL, 'Telur Ayam Kampung', 63000, 63000, NULL, 23, 66, 0, '2025-05-15 02:19:08.000'),
(323, NULL, 'Telur Ayam Kampung', 63000, 63000, NULL, 22, 66, 0, '2025-05-15 02:19:08.000'),
(324, NULL, 'Telur Ayam Kampung', 63000, 63000, NULL, 21, 66, 0, '2025-05-15 02:19:08.000'),
(325, NULL, 'Telur Ayam Kampung', 63000, 63000, NULL, 20, 66, 0, '2025-05-15 02:19:08.000'),
(326, NULL, 'Ikan Segar Kembung', 50000, 50000, NULL, 29, 67, 0, '2025-05-15 02:19:08.000'),
(327, NULL, 'Ikan Segar Kembung', 50000, 50000, NULL, 28, 67, 0, '2025-05-15 02:19:08.000'),
(328, NULL, 'Ikan Segar Kembung', 50000, 50000, NULL, 27, 67, 0, '2025-05-15 02:19:08.000'),
(329, NULL, 'Ikan Segar Kembung', 50000, 50000, NULL, 26, 67, 0, '2025-05-15 02:19:08.000'),
(330, NULL, 'Ikan Segar Kembung', 50000, 50000, NULL, 25, 67, 0, '2025-05-15 02:19:08.000'),
(331, NULL, 'Ikan Segar Kembung', 50000, 50000, NULL, 24, 67, 0, '2025-05-15 02:19:08.000'),
(332, NULL, 'Ikan Segar Kembung', 50000, 50000, NULL, 23, 67, 0, '2025-05-15 02:19:08.000'),
(333, NULL, 'Ikan Segar Kembung', 50000, 50000, NULL, 22, 67, 0, '2025-05-15 02:19:08.000'),
(334, NULL, 'Ikan Segar Kembung', 50000, 50000, NULL, 21, 67, 0, '2025-05-15 02:19:08.000'),
(335, NULL, 'Ikan Segar Kembung', 50000, 50000, NULL, 20, 67, 0, '2025-05-15 02:19:08.000'),
(336, NULL, 'Ikan Segar Tongkol Biasa', 38000, 38000, NULL, 29, 67, 0, '2025-05-15 02:19:08.000'),
(337, NULL, 'Ikan Segar Tongkol Biasa', 38000, 38000, NULL, 28, 67, 0, '2025-05-15 02:19:08.000'),
(338, NULL, 'Ikan Segar Tongkol Biasa', 38000, 38000, NULL, 27, 67, 0, '2025-05-15 02:19:08.000'),
(339, NULL, 'Ikan Segar Tongkol Biasa', 38000, 38000, NULL, 26, 67, 0, '2025-05-15 02:19:08.000'),
(340, NULL, 'Ikan Segar Tongkol Biasa', 38000, 38000, NULL, 25, 67, 0, '2025-05-15 02:19:08.000'),
(341, NULL, 'Ikan Segar Tongkol Biasa', 38000, 38000, NULL, 24, 67, 0, '2025-05-15 02:19:08.000'),
(342, NULL, 'Ikan Segar Tongkol Biasa', 38000, 38000, NULL, 23, 67, 0, '2025-05-15 02:19:08.000'),
(343, NULL, 'Ikan Segar Tongkol Biasa', 38000, 38000, NULL, 22, 67, 0, '2025-05-15 02:19:08.000'),
(344, NULL, 'Ikan Segar Tongkol Biasa', 38000, 38000, NULL, 21, 67, 0, '2025-05-15 02:19:08.000'),
(345, NULL, 'Ikan Segar Tongkol Biasa', 38000, 38000, NULL, 20, 67, 0, '2025-05-15 02:19:08.000'),
(346, NULL, 'Ikan Segar Tongkol Sisik', 45000, 45000, NULL, 29, 67, 0, '2025-05-15 02:19:08.000'),
(347, NULL, 'Ikan Segar Tongkol Sisik', 45000, 45000, NULL, 28, 67, 0, '2025-05-15 02:19:08.000'),
(348, NULL, 'Ikan Segar Tongkol Sisik', 45000, 45000, NULL, 27, 67, 0, '2025-05-15 02:19:08.000'),
(349, NULL, 'Ikan Segar Tongkol Sisik', 45000, 45000, NULL, 26, 67, 0, '2025-05-15 02:19:08.000'),
(350, NULL, 'Ikan Segar Tongkol Sisik', 45000, 45000, NULL, 25, 67, 0, '2025-05-15 02:19:08.000'),
(351, NULL, 'Ikan Segar Tongkol Sisik', 45000, 45000, NULL, 24, 67, 0, '2025-05-15 02:19:08.000'),
(352, NULL, 'Ikan Segar Tongkol Sisik', 45000, 45000, NULL, 23, 67, 0, '2025-05-15 02:19:08.000'),
(353, NULL, 'Ikan Segar Tongkol Sisik', 45000, 45000, NULL, 22, 67, 0, '2025-05-15 02:19:08.000'),
(354, NULL, 'Ikan Segar Tongkol Sisik', 45000, 45000, NULL, 21, 67, 0, '2025-05-15 02:19:08.000'),
(355, NULL, 'Ikan Segar Tongkol Sisik', 45000, 45000, NULL, 20, 67, 0, '2025-05-15 02:19:08.000'),
(356, NULL, 'Ikan Tuna', 50000, 50000, NULL, 29, 67, 0, '2025-05-15 02:19:08.000'),
(357, NULL, 'Ikan Tuna', 50000, 50000, NULL, 28, 67, 0, '2025-05-15 02:19:08.000'),
(358, NULL, 'Ikan Tuna', 50000, 50000, NULL, 27, 67, 0, '2025-05-15 02:19:08.000'),
(359, NULL, 'Ikan Tuna', 50000, 50000, NULL, 26, 67, 0, '2025-05-15 02:19:08.000'),
(360, NULL, 'Ikan Tuna', 50000, 50000, NULL, 25, 67, 0, '2025-05-15 02:19:08.000'),
(361, NULL, 'Ikan Tuna', 50000, 50000, NULL, 24, 67, 0, '2025-05-15 02:19:08.000'),
(362, NULL, 'Ikan Tuna', 50000, 50000, NULL, 23, 67, 0, '2025-05-15 02:19:08.000'),
(363, NULL, 'Ikan Tuna', 50000, 50000, NULL, 22, 67, 0, '2025-05-15 02:19:08.000'),
(364, NULL, 'Ikan Tuna', 50000, 50000, NULL, 21, 67, 0, '2025-05-15 02:19:08.000'),
(365, NULL, 'Ikan Tuna', 50000, 50000, NULL, 20, 67, 0, '2025-05-15 02:19:08.000'),
(366, NULL, 'Ikan Dencis', 45000, 45000, NULL, 29, 67, 0, '2025-05-15 02:19:08.000'),
(367, NULL, 'Ikan Dencis', 45000, 45000, NULL, 28, 67, 0, '2025-05-15 02:19:08.000'),
(368, NULL, 'Ikan Dencis', 45000, 45000, NULL, 27, 67, 0, '2025-05-15 02:19:08.000'),
(369, NULL, 'Ikan Dencis', 45000, 45000, NULL, 26, 67, 0, '2025-05-15 02:19:08.000'),
(370, NULL, 'Ikan Dencis', 45000, 45000, NULL, 25, 67, 0, '2025-05-15 02:19:08.000'),
(371, NULL, 'Ikan Dencis', 45000, 45000, NULL, 24, 67, 0, '2025-05-15 02:19:08.000'),
(372, NULL, 'Ikan Dencis', 45000, 45000, NULL, 23, 67, 0, '2025-05-15 02:19:08.000'),
(373, NULL, 'Ikan Dencis', 45000, 45000, NULL, 22, 67, 0, '2025-05-15 02:19:08.000'),
(374, NULL, 'Ikan Dencis', 45000, 45000, NULL, 21, 67, 0, '2025-05-15 02:19:08.000'),
(375, NULL, 'Ikan Dencis', 45000, 45000, NULL, 20, 67, 0, '2025-05-15 02:19:08.000'),
(376, NULL, 'Ikan Asin Teri', 100000, 100000, NULL, 29, 68, 0, '2025-05-15 02:19:08.000'),
(377, NULL, 'Ikan Asin Teri', 100000, 100000, NULL, 28, 68, 0, '2025-05-15 02:19:08.000'),
(378, NULL, 'Ikan Asin Teri', 100000, 100000, NULL, 27, 68, 0, '2025-05-15 02:19:08.000'),
(379, NULL, 'Ikan Asin Teri', 100000, 100000, NULL, 26, 68, 0, '2025-05-15 02:19:08.000'),
(380, NULL, 'Ikan Asin Teri', 100000, 100000, NULL, 25, 68, 0, '2025-05-15 02:19:08.000'),
(381, NULL, 'Ikan Asin Teri', 100000, 100000, NULL, 24, 68, 0, '2025-05-15 02:19:08.000'),
(382, NULL, 'Ikan Asin Teri', 100000, 100000, NULL, 23, 68, 0, '2025-05-15 02:19:08.000'),
(383, NULL, 'Ikan Asin Teri', 100000, 100000, NULL, 22, 68, 0, '2025-05-15 02:19:08.000'),
(384, NULL, 'Ikan Asin Teri', 100000, 100000, NULL, 21, 68, 0, '2025-05-15 02:19:08.000'),
(385, NULL, 'Ikan Asin Teri', 100000, 100000, NULL, 20, 68, 0, '2025-05-15 02:19:08.000'),
(386, NULL, 'Udang', 100000, 100000, NULL, 29, 69, 0, '2025-05-15 02:19:08.000'),
(387, NULL, 'Udang', 100000, 100000, NULL, 28, 69, 0, '2025-05-15 02:19:08.000'),
(388, NULL, 'Udang', 100000, 100000, NULL, 27, 69, 0, '2025-05-15 02:19:08.000'),
(389, NULL, 'Udang', 100000, 100000, NULL, 26, 69, 0, '2025-05-15 02:19:08.000'),
(390, NULL, 'Udang', 100000, 100000, NULL, 25, 69, 0, '2025-05-15 02:19:08.000'),
(391, NULL, 'Udang', 100000, 100000, NULL, 24, 69, 0, '2025-05-15 02:19:08.000'),
(392, NULL, 'Udang', 100000, 100000, NULL, 23, 69, 0, '2025-05-15 02:19:08.000'),
(393, NULL, 'Udang', 100000, 100000, NULL, 22, 69, 0, '2025-05-15 02:19:08.000'),
(394, NULL, 'Udang', 100000, 100000, NULL, 21, 69, 0, '2025-05-15 02:19:08.000'),
(395, NULL, 'Udang', 100000, 100000, NULL, 20, 69, 0, '2025-05-15 02:19:08.000'),
(396, NULL, 'Tempe Kedelai', 20000, 20000, NULL, 29, 70, 0, '2025-05-15 02:19:08.000'),
(397, NULL, 'Tempe Kedelai', 20000, 20000, NULL, 28, 70, 0, '2025-05-15 02:19:08.000'),
(398, NULL, 'Tempe Kedelai', 20000, 20000, NULL, 27, 70, 0, '2025-05-15 02:19:08.000'),
(399, NULL, 'Tempe Kedelai', 20000, 20000, NULL, 26, 70, 0, '2025-05-15 02:19:08.000'),
(400, NULL, 'Tempe Kedelai', 20000, 20000, NULL, 25, 70, 0, '2025-05-15 02:19:08.000'),
(401, NULL, 'Tempe Kedelai', 20000, 20000, NULL, 24, 70, 0, '2025-05-15 02:19:08.000'),
(402, NULL, 'Tempe Kedelai', 20000, 20000, NULL, 23, 70, 0, '2025-05-15 02:19:08.000'),
(403, NULL, 'Tempe Kedelai', 20000, 20000, NULL, 22, 70, 0, '2025-05-15 02:19:08.000'),
(404, NULL, 'Tempe Kedelai', 20000, 20000, NULL, 21, 70, 0, '2025-05-15 02:19:08.000'),
(405, NULL, 'Tempe Kedelai', 20000, 20000, NULL, 20, 70, 0, '2025-05-15 02:19:08.000'),
(406, NULL, 'Tahu Mentah Putih', 12000, 12000, NULL, 29, 71, 0, '2025-05-15 02:19:08.000'),
(407, NULL, 'Tahu Mentah Putih', 12000, 12000, NULL, 28, 71, 0, '2025-05-15 02:19:08.000'),
(408, NULL, 'Tahu Mentah Putih', 12000, 12000, NULL, 27, 71, 0, '2025-05-15 02:19:08.000'),
(409, NULL, 'Tahu Mentah Putih', 12000, 12000, NULL, 26, 71, 0, '2025-05-15 02:19:08.000'),
(410, NULL, 'Tahu Mentah Putih', 12000, 12000, NULL, 25, 71, 0, '2025-05-15 02:19:08.000'),
(411, NULL, 'Tahu Mentah Putih', 12000, 12000, NULL, 24, 71, 0, '2025-05-15 02:19:08.000'),
(412, NULL, 'Tahu Mentah Putih', 12000, 12000, NULL, 23, 71, 0, '2025-05-15 02:19:08.000'),
(413, NULL, 'Tahu Mentah Putih', 12000, 12000, NULL, 22, 71, 0, '2025-05-15 02:19:08.000'),
(414, NULL, 'Tahu Mentah Putih', 12000, 12000, NULL, 21, 71, 0, '2025-05-15 02:19:08.000'),
(415, NULL, 'Tahu Mentah Putih', 12000, 12000, NULL, 20, 71, 0, '2025-05-15 02:19:08.000'),
(416, NULL, 'Tomat', 10000, 10000, NULL, 29, 72, 0, '2025-05-15 02:19:08.000'),
(417, NULL, 'Tomat', 10000, 10000, NULL, 28, 72, 0, '2025-05-15 02:19:08.000'),
(418, NULL, 'Tomat', 10000, 10000, NULL, 27, 72, 0, '2025-05-15 02:19:08.000'),
(419, NULL, 'Tomat', 10000, 10000, NULL, 26, 72, 0, '2025-05-15 02:19:08.000'),
(420, NULL, 'Tomat', 10000, 10000, NULL, 25, 72, 0, '2025-05-15 02:19:08.000'),
(421, NULL, 'Tomat', 10000, 10000, NULL, 24, 72, 0, '2025-05-15 02:19:08.000'),
(422, NULL, 'Tomat', 10000, 10000, NULL, 23, 72, 0, '2025-05-15 02:19:08.000'),
(423, NULL, 'Tomat', 10000, 10000, NULL, 22, 72, 0, '2025-05-15 02:19:08.000'),
(424, NULL, 'Tomat', 10000, 10000, NULL, 21, 72, 0, '2025-05-15 02:19:08.000'),
(425, NULL, 'Tomat', 10000, 10000, NULL, 20, 72, 0, '2025-05-15 02:19:08.000'),
(426, NULL, 'Ketimun', 10000, 10000, NULL, 29, 72, 0, '2025-05-15 02:19:08.000'),
(427, NULL, 'Ketimun', 10000, 10000, NULL, 28, 72, 0, '2025-05-15 02:19:08.000'),
(428, NULL, 'Ketimun', 10000, 10000, NULL, 27, 72, 0, '2025-05-15 02:19:08.000'),
(429, NULL, 'Ketimun', 10000, 10000, NULL, 26, 72, 0, '2025-05-15 02:19:08.000'),
(430, NULL, 'Ketimun', 10000, 10000, NULL, 25, 72, 0, '2025-05-15 02:19:08.000'),
(431, NULL, 'Ketimun', 10000, 10000, NULL, 24, 72, 0, '2025-05-15 02:19:08.000'),
(432, NULL, 'Ketimun', 10000, 10000, NULL, 23, 72, 0, '2025-05-15 02:19:08.000'),
(433, NULL, 'Ketimun', 10000, 10000, NULL, 22, 72, 0, '2025-05-15 02:19:08.000'),
(434, NULL, 'Ketimun', 10000, 10000, NULL, 21, 72, 0, '2025-05-15 02:19:08.000'),
(435, NULL, 'Ketimun', 10000, 10000, NULL, 20, 72, 0, '2025-05-15 02:19:08.000'),
(436, NULL, 'Sawi Hijau', 10000, 10000, NULL, 29, 72, 0, '2025-05-15 02:19:08.000'),
(437, NULL, 'Sawi Hijau', 10000, 10000, NULL, 28, 72, 0, '2025-05-15 02:19:08.000'),
(438, NULL, 'Sawi Hijau', 10000, 10000, NULL, 27, 72, 0, '2025-05-15 02:19:08.000'),
(439, NULL, 'Sawi Hijau', 10000, 10000, NULL, 26, 72, 0, '2025-05-15 02:19:08.000'),
(440, NULL, 'Sawi Hijau', 10000, 10000, NULL, 25, 72, 0, '2025-05-15 02:19:08.000'),
(441, NULL, 'Sawi Hijau', 10000, 10000, NULL, 24, 72, 0, '2025-05-15 02:19:08.000'),
(442, NULL, 'Sawi Hijau', 10000, 10000, NULL, 23, 72, 0, '2025-05-15 02:19:08.000'),
(443, NULL, 'Sawi Hijau', 10000, 10000, NULL, 22, 72, 0, '2025-05-15 02:19:08.000'),
(444, NULL, 'Sawi Hijau', 10000, 10000, NULL, 21, 72, 0, '2025-05-15 02:19:08.000'),
(445, NULL, 'Sawi Hijau', 10000, 10000, NULL, 20, 72, 0, '2025-05-15 02:19:08.000'),
(446, NULL, 'Kangkung', 10000, 10000, NULL, 29, 72, 0, '2025-05-15 02:19:08.000'),
(447, NULL, 'Kangkung', 10000, 10000, NULL, 28, 72, 0, '2025-05-15 02:19:08.000'),
(448, NULL, 'Kangkung', 10000, 10000, NULL, 27, 72, 0, '2025-05-15 02:19:08.000'),
(449, NULL, 'Kangkung', 10000, 10000, NULL, 26, 72, 0, '2025-05-15 02:19:08.000'),
(450, NULL, 'Kangkung', 10000, 10000, NULL, 25, 72, 0, '2025-05-15 02:19:08.000'),
(451, NULL, 'Kangkung', 10000, 10000, NULL, 24, 72, 0, '2025-05-15 02:19:08.000'),
(452, NULL, 'Kangkung', 10000, 10000, NULL, 23, 72, 0, '2025-05-15 02:19:08.000'),
(453, NULL, 'Kangkung', 10000, 10000, NULL, 22, 72, 0, '2025-05-15 02:19:08.000'),
(454, NULL, 'Kangkung', 10000, 10000, NULL, 21, 72, 0, '2025-05-15 02:19:08.000'),
(455, NULL, 'Kangkung', 10000, 10000, NULL, 20, 72, 0, '2025-05-15 02:19:08.000'),
(456, NULL, 'Kacang Panjang', 12000, 12000, NULL, 29, 72, 0, '2025-05-15 02:19:08.000'),
(457, NULL, 'Kacang Panjang', 12000, 12000, NULL, 28, 72, 0, '2025-05-15 02:19:08.000'),
(458, NULL, 'Kacang Panjang', 12000, 12000, NULL, 27, 72, 0, '2025-05-15 02:19:08.000'),
(459, NULL, 'Kacang Panjang', 12000, 12000, NULL, 26, 72, 0, '2025-05-15 02:19:08.000'),
(460, NULL, 'Kacang Panjang', 12000, 12000, NULL, 25, 72, 0, '2025-05-15 02:19:08.000'),
(461, NULL, 'Kacang Panjang', 12000, 12000, NULL, 24, 72, 0, '2025-05-15 02:19:08.000'),
(462, NULL, 'Kacang Panjang', 12000, 12000, NULL, 23, 72, 0, '2025-05-15 02:19:08.000'),
(463, NULL, 'Kacang Panjang', 12000, 12000, NULL, 22, 72, 0, '2025-05-15 02:19:08.000'),
(464, NULL, 'Kacang Panjang', 12000, 12000, NULL, 21, 72, 0, '2025-05-15 02:19:08.000'),
(465, NULL, 'Kacang Panjang', 12000, 12000, NULL, 20, 72, 0, '2025-05-15 02:19:08.000'),
(466, NULL, 'Kentang', 18000, 18000, NULL, 29, 72, 0, '2025-05-15 02:19:08.000'),
(467, NULL, 'Kentang', 18000, 18000, NULL, 28, 72, 0, '2025-05-15 02:19:08.000'),
(468, NULL, 'Kentang', 18000, 18000, NULL, 27, 72, 0, '2025-05-15 02:19:08.000'),
(469, NULL, 'Kentang', 18000, 18000, NULL, 26, 72, 0, '2025-05-15 02:19:08.000'),
(470, NULL, 'Kentang', 18000, 18000, NULL, 25, 72, 0, '2025-05-15 02:19:08.000'),
(471, NULL, 'Kentang', 18000, 18000, NULL, 24, 72, 0, '2025-05-15 02:19:08.000'),
(472, NULL, 'Kentang', 18000, 18000, NULL, 23, 72, 0, '2025-05-15 02:19:08.000'),
(473, NULL, 'Kentang', 18000, 18000, NULL, 22, 72, 0, '2025-05-15 02:19:08.000'),
(474, NULL, 'Kentang', 18000, 18000, NULL, 21, 72, 0, '2025-05-15 02:19:08.000'),
(475, NULL, 'Kentang', 18000, 18000, NULL, 20, 72, 0, '2025-05-15 02:19:08.000'),
(476, NULL, 'Wortel', 15000, 15000, NULL, 29, 72, 0, '2025-05-15 02:19:08.000'),
(477, NULL, 'Wortel', 15000, 15000, NULL, 28, 72, 0, '2025-05-15 02:19:08.000'),
(478, NULL, 'Wortel', 15000, 15000, NULL, 27, 72, 0, '2025-05-15 02:19:08.000'),
(479, NULL, 'Wortel', 15000, 15000, NULL, 26, 72, 0, '2025-05-15 02:19:08.000'),
(480, NULL, 'Wortel', 15000, 15000, NULL, 25, 72, 0, '2025-05-15 02:19:08.000'),
(481, NULL, 'Wortel', 15000, 15000, NULL, 24, 72, 0, '2025-05-15 02:19:08.000'),
(482, NULL, 'Wortel', 15000, 15000, NULL, 23, 72, 0, '2025-05-15 02:19:08.000'),
(483, NULL, 'Wortel', 15000, 15000, NULL, 22, 72, 0, '2025-05-15 02:19:08.000'),
(484, NULL, 'Wortel', 15000, 15000, NULL, 21, 72, 0, '2025-05-15 02:19:08.000'),
(485, NULL, 'Wortel', 15000, 15000, NULL, 20, 72, 0, '2025-05-15 02:19:08.000'),
(486, NULL, 'Pisang Lokal (Barangan)', 10000, 10000, NULL, 29, 73, 0, '2025-05-15 02:19:08.000'),
(487, NULL, 'Pisang Lokal (Barangan)', 10000, 10000, NULL, 28, 73, 0, '2025-05-15 02:19:08.000'),
(488, NULL, 'Pisang Lokal (Barangan)', 10000, 10000, NULL, 27, 73, 0, '2025-05-15 02:19:08.000'),
(489, NULL, 'Pisang Lokal (Barangan)', 10000, 10000, NULL, 26, 73, 0, '2025-05-15 02:19:08.000'),
(490, NULL, 'Pisang Lokal (Barangan)', 10000, 10000, NULL, 25, 73, 0, '2025-05-15 02:19:08.000'),
(491, NULL, 'Pisang Lokal (Barangan)', 10000, 10000, NULL, 24, 73, 0, '2025-05-15 02:19:08.000'),
(492, NULL, 'Pisang Lokal (Barangan)', 10000, 10000, NULL, 23, 73, 0, '2025-05-15 02:19:08.000'),
(493, NULL, 'Pisang Lokal (Barangan)', 10000, 10000, NULL, 22, 73, 0, '2025-05-15 02:19:08.000'),
(494, NULL, 'Pisang Lokal (Barangan)', 10000, 10000, NULL, 21, 73, 0, '2025-05-15 02:19:08.000'),
(495, NULL, 'Pisang Lokal (Barangan)', 10000, 10000, NULL, 20, 73, 0, '2025-05-15 02:19:08.000'),
(496, NULL, 'Jeruk Lokal', 20000, 20000, NULL, 29, 73, 0, '2025-05-15 02:19:08.000'),
(497, NULL, 'Jeruk Lokal', 20000, 20000, NULL, 28, 73, 0, '2025-05-15 02:19:08.000'),
(498, NULL, 'Jeruk Lokal', 20000, 20000, NULL, 27, 73, 0, '2025-05-15 02:19:08.000'),
(499, NULL, 'Jeruk Lokal', 20000, 20000, NULL, 26, 73, 0, '2025-05-15 02:19:08.000'),
(500, NULL, 'Jeruk Lokal', 20000, 20000, NULL, 25, 73, 0, '2025-05-15 02:19:08.000'),
(501, NULL, 'Jeruk Lokal', 20000, 20000, NULL, 24, 73, 0, '2025-05-15 02:19:08.000'),
(502, NULL, 'Jeruk Lokal', 20000, 20000, NULL, 23, 73, 0, '2025-05-15 02:19:08.000'),
(503, NULL, 'Jeruk Lokal', 20000, 20000, NULL, 22, 73, 0, '2025-05-15 02:19:08.000'),
(504, NULL, 'Jeruk Lokal', 20000, 20000, NULL, 21, 73, 0, '2025-05-15 02:19:08.000'),
(505, NULL, 'Jeruk Lokal', 20000, 20000, NULL, 20, 73, 0, '2025-05-15 02:19:08.000'),
(506, NULL, 'Jagung Pipilan', 5500, 5500, NULL, 29, 74, 0, '2025-05-15 02:19:08.000'),
(507, NULL, 'Jagung Pipilan', 5500, 5500, NULL, 28, 74, 0, '2025-05-15 02:19:08.000'),
(508, NULL, 'Jagung Pipilan', 5500, 5500, NULL, 27, 74, 0, '2025-05-15 02:19:08.000'),
(509, NULL, 'Jagung Pipilan', 5500, 5500, NULL, 26, 74, 0, '2025-05-15 02:19:08.000'),
(510, NULL, 'Jagung Pipilan', 5500, 5500, NULL, 25, 74, 0, '2025-05-15 02:19:08.000'),
(511, NULL, 'Jagung Pipilan', 5500, 5500, NULL, 24, 74, 0, '2025-05-15 02:19:08.000'),
(512, NULL, 'Jagung Pipilan', 5500, 5500, NULL, 23, 74, 0, '2025-05-15 02:19:08.000'),
(513, NULL, 'Jagung Pipilan', 5500, 5500, NULL, 22, 74, 0, '2025-05-15 02:19:08.000'),
(514, NULL, 'Jagung Pipilan', 5500, 5500, NULL, 21, 74, 0, '2025-05-15 02:19:08.000'),
(515, NULL, 'Jagung Pipilan', 5500, 5500, NULL, 20, 74, 0, '2025-05-15 02:19:08.000'),
(516, NULL, 'Ketela Pohon', 4000, 4000, NULL, 29, 74, 0, '2025-05-15 02:19:08.000'),
(517, NULL, 'Ketela Pohon', 4000, 4000, NULL, 28, 74, 0, '2025-05-15 02:19:08.000'),
(518, NULL, 'Ketela Pohon', 4000, 4000, NULL, 27, 74, 0, '2025-05-15 02:19:08.000'),
(519, NULL, 'Ketela Pohon', 4000, 4000, NULL, 26, 74, 0, '2025-05-15 02:19:08.000'),
(520, NULL, 'Ketela Pohon', 4000, 4000, NULL, 25, 74, 0, '2025-05-15 02:19:08.000'),
(521, NULL, 'Ketela Pohon', 4000, 4000, NULL, 24, 74, 0, '2025-05-15 02:19:08.000'),
(522, NULL, 'Ketela Pohon', 4000, 4000, NULL, 23, 74, 0, '2025-05-15 02:19:08.000'),
(523, NULL, 'Ketela Pohon', 4000, 4000, NULL, 22, 74, 0, '2025-05-15 02:19:08.000'),
(524, NULL, 'Ketela Pohon', 4000, 4000, NULL, 21, 74, 0, '2025-05-15 02:19:08.000'),
(525, NULL, 'Ketela Pohon', 4000, 4000, NULL, 20, 74, 0, '2025-05-15 02:19:08.000'),
(526, NULL, 'Mie Instan Kari (Indomie)', 3500, 3500, NULL, 29, 75, 0, '2025-05-15 02:19:08.000'),
(527, NULL, 'Mie Instan Kari (Indomie)', 3500, 3500, NULL, 28, 75, 0, '2025-05-15 02:19:08.000'),
(528, NULL, 'Mie Instan Kari (Indomie)', 3500, 3500, NULL, 27, 75, 0, '2025-05-15 02:19:08.000'),
(529, NULL, 'Mie Instan Kari (Indomie)', 3500, 3500, NULL, 26, 75, 0, '2025-05-15 02:19:08.000'),
(530, NULL, 'Mie Instan Kari (Indomie)', 3500, 3500, NULL, 25, 75, 0, '2025-05-15 02:19:08.000'),
(531, NULL, 'Mie Instan Kari (Indomie)', 3500, 3500, NULL, 24, 75, 0, '2025-05-15 02:19:08.000'),
(532, NULL, 'Mie Instan Kari (Indomie)', 3500, 3500, NULL, 23, 75, 0, '2025-05-15 02:19:08.000'),
(533, NULL, 'Mie Instan Kari (Indomie)', 3500, 3500, NULL, 22, 75, 0, '2025-05-15 02:19:08.000'),
(534, NULL, 'Mie Instan Kari (Indomie)', 3500, 3500, NULL, 21, 75, 0, '2025-05-15 02:19:08.000'),
(535, NULL, 'Mie Instan Kari (Indomie)', 3500, 3500, NULL, 20, 75, 0, '2025-05-15 02:19:08.000'),
(536, NULL, 'Garam Halus Beryodium', 15000, 15000, NULL, 29, 76, 0, '2025-05-15 02:19:08.000'),
(537, NULL, 'Garam Halus Beryodium', 15000, 15000, NULL, 28, 76, 0, '2025-05-15 02:19:08.000'),
(538, NULL, 'Garam Halus Beryodium', 15000, 15000, NULL, 27, 76, 0, '2025-05-15 02:19:08.000'),
(539, NULL, 'Garam Halus Beryodium', 15000, 15000, NULL, 26, 76, 0, '2025-05-15 02:19:08.000'),
(540, NULL, 'Garam Halus Beryodium', 15000, 15000, NULL, 25, 76, 0, '2025-05-15 02:19:08.000'),
(541, NULL, 'Garam Halus Beryodium', 15000, 15000, NULL, 24, 76, 0, '2025-05-15 02:19:08.000'),
(542, NULL, 'Garam Halus Beryodium', 15000, 15000, NULL, 23, 76, 0, '2025-05-15 02:19:08.000'),
(543, NULL, 'Garam Halus Beryodium', 15000, 15000, NULL, 22, 76, 0, '2025-05-15 02:19:08.000'),
(544, NULL, 'Garam Halus Beryodium', 15000, 15000, NULL, 21, 76, 0, '2025-05-15 02:19:08.000'),
(545, NULL, 'Garam Halus Beryodium', 15000, 15000, NULL, 20, 76, 0, '2025-05-15 02:19:08.000'),
(546, NULL, 'Susu Kental Manis Frisian Flag', 14000, 14000, NULL, 29, 77, 0, '2025-05-15 02:19:08.000'),
(547, NULL, 'Susu Kental Manis Frisian Flag', 14000, 14000, NULL, 28, 77, 0, '2025-05-15 02:19:08.000'),
(548, NULL, 'Susu Kental Manis Frisian Flag', 14000, 14000, NULL, 27, 77, 0, '2025-05-15 02:19:08.000'),
(549, NULL, 'Susu Kental Manis Frisian Flag', 14000, 14000, NULL, 26, 77, 0, '2025-05-15 02:19:08.000'),
(550, NULL, 'Susu Kental Manis Frisian Flag', 14000, 14000, NULL, 25, 77, 0, '2025-05-15 02:19:08.000'),
(551, NULL, 'Susu Kental Manis Frisian Flag', 14000, 14000, NULL, 24, 77, 0, '2025-05-15 02:19:08.000'),
(552, NULL, 'Susu Kental Manis Frisian Flag', 14000, 14000, NULL, 23, 77, 0, '2025-05-15 02:19:08.000'),
(553, NULL, 'Susu Kental Manis Frisian Flag', 14000, 14000, NULL, 22, 77, 0, '2025-05-15 02:19:08.000'),
(554, NULL, 'Susu Kental Manis Frisian Flag', 14000, 14000, NULL, 21, 77, 0, '2025-05-15 02:19:08.000'),
(555, NULL, 'Susu Kental Manis Frisian Flag', 14000, 14000, NULL, 20, 77, 0, '2025-05-15 02:19:08.000'),
(556, NULL, 'Susu Bubuk Dancow Full Cream', 57000, 57000, NULL, 29, 77, 0, '2025-05-15 02:19:08.000'),
(557, NULL, 'Susu Bubuk Dancow Full Cream', 57000, 57000, NULL, 28, 77, 0, '2025-05-15 02:19:08.000'),
(558, NULL, 'Susu Bubuk Dancow Full Cream', 57000, 57000, NULL, 27, 77, 0, '2025-05-15 02:19:08.000'),
(559, NULL, 'Susu Bubuk Dancow Full Cream', 57000, 57000, NULL, 26, 77, 0, '2025-05-15 02:19:08.000'),
(560, NULL, 'Susu Bubuk Dancow Full Cream', 57000, 57000, NULL, 25, 77, 0, '2025-05-15 02:19:08.000'),
(561, NULL, 'Susu Bubuk Dancow Full Cream', 57000, 57000, NULL, 24, 77, 0, '2025-05-15 02:19:08.000'),
(562, NULL, 'Susu Bubuk Dancow Full Cream', 57000, 57000, NULL, 23, 77, 0, '2025-05-15 02:19:08.000'),
(563, NULL, 'Susu Bubuk Dancow Full Cream', 57000, 57000, NULL, 22, 77, 0, '2025-05-15 02:19:08.000'),
(564, NULL, 'Susu Bubuk Dancow Full Cream', 57000, 57000, NULL, 21, 77, 0, '2025-05-15 02:19:08.000'),
(565, NULL, 'Susu Bubuk Dancow Full Cream', 57000, 57000, NULL, 20, 77, 0, '2025-05-15 02:19:08.000'),
(566, NULL, 'Susu Balita Sejenis SGM', 45000, 45000, NULL, 29, 77, 0, '2025-05-15 02:19:08.000'),
(567, NULL, 'Susu Balita Sejenis SGM', 45000, 45000, NULL, 28, 77, 0, '2025-05-15 02:19:08.000'),
(568, NULL, 'Susu Balita Sejenis SGM', 45000, 45000, NULL, 27, 77, 0, '2025-05-15 02:19:08.000'),
(569, NULL, 'Susu Balita Sejenis SGM', 45000, 45000, NULL, 26, 77, 0, '2025-05-15 02:19:08.000'),
(570, NULL, 'Susu Balita Sejenis SGM', 45000, 45000, NULL, 25, 77, 0, '2025-05-15 02:19:08.000'),
(571, NULL, 'Susu Balita Sejenis SGM', 45000, 45000, NULL, 24, 77, 0, '2025-05-15 02:19:08.000'),
(572, NULL, 'Susu Balita Sejenis SGM', 45000, 45000, NULL, 23, 77, 0, '2025-05-15 02:19:08.000'),
(573, NULL, 'Susu Balita Sejenis SGM', 45000, 45000, NULL, 22, 77, 0, '2025-05-15 02:19:08.000'),
(574, NULL, 'Susu Balita Sejenis SGM', 45000, 45000, NULL, 21, 77, 0, '2025-05-15 02:19:08.000'),
(575, NULL, 'Susu Balita Sejenis SGM', 45000, 45000, NULL, 20, 77, 0, '2025-05-15 02:19:08.000'),
(576, NULL, 'Kacang Tanah', 40000, 40000, NULL, 29, 57, 0, '2025-05-15 02:19:08.000'),
(577, NULL, 'Kacang Tanah', 40000, 40000, NULL, 28, 57, 0, '2025-05-15 02:19:08.000'),
(578, NULL, 'Kacang Tanah', 40000, 40000, NULL, 27, 57, 0, '2025-05-15 02:19:08.000'),
(579, NULL, 'Kacang Tanah', 40000, 40000, NULL, 26, 57, 0, '2025-05-15 02:19:08.000'),
(580, NULL, 'Kacang Tanah', 40000, 40000, NULL, 25, 57, 0, '2025-05-15 02:19:08.000'),
(581, NULL, 'Kacang Tanah', 40000, 40000, NULL, 24, 57, 0, '2025-05-15 02:19:08.000'),
(582, NULL, 'Kacang Tanah', 40000, 40000, NULL, 23, 57, 0, '2025-05-15 02:19:08.000'),
(583, NULL, 'Kacang Tanah', 40000, 40000, NULL, 22, 57, 0, '2025-05-15 02:19:08.000'),
(584, NULL, 'Kacang Tanah', 40000, 40000, NULL, 21, 57, 0, '2025-05-15 02:19:08.000'),
(585, NULL, 'Kacang Tanah', 40000, 40000, NULL, 20, 57, 0, '2025-05-15 02:19:08.000'),
(586, NULL, 'Kacang Hijau', 25000, 25000, NULL, 29, 57, 0, '2025-05-15 02:19:08.000'),
(587, NULL, 'Kacang Hijau', 25000, 25000, NULL, 28, 57, 0, '2025-05-15 02:19:08.000'),
(588, NULL, 'Kacang Hijau', 25000, 25000, NULL, 27, 57, 0, '2025-05-15 02:19:08.000'),
(589, NULL, 'Kacang Hijau', 25000, 25000, NULL, 26, 57, 0, '2025-05-15 02:19:08.000'),
(590, NULL, 'Kacang Hijau', 25000, 25000, NULL, 25, 57, 0, '2025-05-15 02:19:08.000'),
(591, NULL, 'Kacang Hijau', 25000, 25000, NULL, 24, 57, 0, '2025-05-15 02:19:08.000'),
(592, NULL, 'Kacang Hijau', 25000, 25000, NULL, 23, 57, 0, '2025-05-15 02:19:08.000'),
(593, NULL, 'Kacang Hijau', 25000, 25000, NULL, 22, 57, 0, '2025-05-15 02:19:08.000'),
(594, NULL, 'Kacang Hijau', 25000, 25000, NULL, 21, 57, 0, '2025-05-15 02:19:08.000'),
(595, NULL, 'Kacang Hijau', 25000, 25000, NULL, 20, 57, 0, '2025-05-15 02:19:08.000');
INSERT INTO `price_histories` (`id`, `item_id`, `item_name`, `initial_price`, `current_price`, `reason`, `market_id`, `category_id`, `change_percent`, `created_at`) VALUES
(596, NULL, 'Ikan Mas', 50000, 50000, NULL, 29, NULL, 0, '2025-05-15 02:19:08.000'),
(597, NULL, 'Ikan Mas', 50000, 50000, NULL, 28, NULL, 0, '2025-05-15 02:19:08.000'),
(598, NULL, 'Ikan Mas', 50000, 50000, NULL, 27, NULL, 0, '2025-05-15 02:19:08.000'),
(599, NULL, 'Ikan Mas', 50000, 50000, NULL, 26, NULL, 0, '2025-05-15 02:19:08.000'),
(600, NULL, 'Ikan Mas', 50000, 50000, NULL, 25, NULL, 0, '2025-05-15 02:19:08.000'),
(601, NULL, 'Ikan Mas', 50000, 50000, NULL, 24, NULL, 0, '2025-05-15 02:19:08.000'),
(602, NULL, 'Ikan Mas', 50000, 50000, NULL, 23, NULL, 0, '2025-05-15 02:19:08.000'),
(603, NULL, 'Ikan Mas', 50000, 50000, NULL, 22, NULL, 0, '2025-05-15 02:19:08.000'),
(604, NULL, 'Ikan Mas', 50000, 50000, NULL, 21, NULL, 0, '2025-05-15 02:19:08.000'),
(605, NULL, 'Ikan Mas', 50000, 50000, NULL, 20, NULL, 0, '2025-05-15 02:19:08.000'),
(606, NULL, 'Ikan Mujahir', 35000, 35000, NULL, 29, NULL, 0, '2025-05-15 02:19:08.000'),
(607, NULL, 'Ikan Mujahir', 35000, 35000, NULL, 28, NULL, 0, '2025-05-15 02:19:08.000'),
(608, NULL, 'Ikan Mujahir', 35000, 35000, NULL, 27, NULL, 0, '2025-05-15 02:19:08.000'),
(609, NULL, 'Ikan Mujahir', 35000, 35000, NULL, 26, NULL, 0, '2025-05-15 02:19:08.000'),
(610, NULL, 'Ikan Mujahir', 35000, 35000, NULL, 25, NULL, 0, '2025-05-15 02:19:08.000'),
(611, NULL, 'Ikan Mujahir', 35000, 35000, NULL, 24, NULL, 0, '2025-05-15 02:19:08.000'),
(612, NULL, 'Ikan Mujahir', 35000, 35000, NULL, 23, NULL, 0, '2025-05-15 02:19:08.000'),
(613, NULL, 'Ikan Mujahir', 35000, 35000, NULL, 22, NULL, 0, '2025-05-15 02:19:08.000'),
(614, NULL, 'Ikan Mujahir', 35000, 35000, NULL, 21, NULL, 0, '2025-05-15 02:19:08.000'),
(615, NULL, 'Ikan Mujahir', 35000, 35000, NULL, 20, NULL, 0, '2025-05-15 02:19:08.000'),
(616, NULL, 'Ikan Lele', 30000, 30000, NULL, 29, NULL, 0, '2025-05-15 02:19:08.000'),
(617, NULL, 'Ikan Lele', 30000, 30000, NULL, 28, NULL, 0, '2025-05-15 02:19:08.000'),
(618, NULL, 'Ikan Lele', 30000, 30000, NULL, 27, NULL, 0, '2025-05-15 02:19:08.000'),
(619, NULL, 'Ikan Lele', 30000, 30000, NULL, 26, NULL, 0, '2025-05-15 02:19:08.000'),
(620, NULL, 'Ikan Lele', 30000, 30000, NULL, 25, NULL, 0, '2025-05-15 02:19:08.000'),
(621, NULL, 'Ikan Lele', 30000, 30000, NULL, 24, NULL, 0, '2025-05-15 02:19:08.000'),
(622, NULL, 'Ikan Lele', 30000, 30000, NULL, 23, NULL, 0, '2025-05-15 02:19:08.000'),
(623, NULL, 'Ikan Lele', 30000, 30000, NULL, 22, NULL, 0, '2025-05-15 02:19:08.000'),
(624, NULL, 'Ikan Lele', 30000, 30000, NULL, 21, NULL, 0, '2025-05-15 02:19:08.000'),
(625, NULL, 'Ikan Lele', 30000, 30000, NULL, 20, NULL, 0, '2025-05-15 02:19:08.000');

-- --------------------------------------------------------

--
-- Struktur dari tabel `sessions`
--

CREATE TABLE `sessions` (
  `id` varchar(255) COLLATE utf8mb4_unicode_ci NOT NULL,
  `user_id` bigint UNSIGNED DEFAULT NULL,
  `ip_address` varchar(45) COLLATE utf8mb4_unicode_ci DEFAULT NULL,
  `user_agent` text COLLATE utf8mb4_unicode_ci,
  `payload` longtext COLLATE utf8mb4_unicode_ci NOT NULL,
  `last_activity` int NOT NULL
) ENGINE=InnoDB DEFAULT CHARSET=utf8mb4 COLLATE=utf8mb4_unicode_ci;

--
-- Dumping data untuk tabel `sessions`
--

INSERT INTO `sessions` (`id`, `user_id`, `ip_address`, `user_agent`, `payload`, `last_activity`) VALUES
('zBazAFTLX5NUyICQJcXZjR8uGmMA84QhgjSr1tRL', NULL, '127.0.0.1', 'Mozilla/5.0 (Windows NT 10.0; Win64; x64) AppleWebKit/537.36 (KHTML, like Gecko) Chrome/136.0.0.0 Safari/537.36', 'YTo1OntzOjY6Il90b2tlbiI7czo0MDoicjc2RWxadFBvWndqYUN3a1l6cWVrTU95TTVlZDRLanRpRmI2RVZnayI7czo2OiJfZmxhc2giO2E6Mjp7czozOiJvbGQiO2E6MDp7fXM6MzoibmV3IjthOjA6e319czo5OiJfcHJldmlvdXMiO2E6MTp7czozOiJ1cmwiO3M6Mjg6Imh0dHA6Ly8xMjcuMC4wLjE6ODAwMC9tYXJrZXQiO31zOjU6InRva2VuIjtzOjEzMToiZXlKaGJHY2lPaUpJVXpJMU5pSXNJblI1Y0NJNklrcFhWQ0o5LmV5SjFjMlZ5Ym1GdFpTSTZJbUZrYldsdUlpd2laWGh3SWpveE56UTNNell5TmprM2ZRLl9kMUwtYm4wdkJlODQyaEQzcDFwVDJuU2syM0k4REF0ejJ3TVJMSWotakEiO3M6NDoidXNlciI7czo1OiJhZG1pbiI7fQ==', 1747278136),
('k39LOuhERj3uQyaQPdPcLOkgh7klHFWTanVdP6WW', NULL, '127.0.0.1', 'Mozilla/5.0 (Windows NT 10.0; Win64; x64) AppleWebKit/537.36 (KHTML, like Gecko) Chrome/136.0.0.0 Safari/537.36 Edg/136.0.0.0', 'YTozOntzOjY6Il90b2tlbiI7czo0MDoiMFl6MmJHa2lUUmVvQ1NqZXozTEw4SGpxZnNRbjRCWmNnR0w0RXM1UyI7czo2OiJfZmxhc2giO2E6Mjp7czozOiJvbGQiO2E6MDp7fXM6MzoibmV3IjthOjA6e319czo5OiJfcHJldmlvdXMiO2E6MTp7czozOiJ1cmwiO3M6Mzc6Imh0dHA6Ly8xMjcuMC4wLjE6ODAwMC9wbGFjZWhvbGRlci5zdmciO319', 1747277877);

-- --------------------------------------------------------

--
-- Struktur dari tabel `users`
--

CREATE TABLE `users` (
  `id` bigint UNSIGNED NOT NULL,
  `created_at` datetime(3) DEFAULT NULL,
  `updated_at` datetime(3) DEFAULT NULL,
  `deleted_at` datetime(3) DEFAULT NULL,
  `username` varchar(191) NOT NULL,
  `password` longtext NOT NULL
) ENGINE=InnoDB DEFAULT CHARSET=utf8mb4 COLLATE=utf8mb4_0900_ai_ci;

--
-- Dumping data untuk tabel `users`
--

INSERT INTO `users` (`id`, `created_at`, `updated_at`, `deleted_at`, `username`, `password`) VALUES
(1, NULL, NULL, NULL, 'admin', '$2a$12$8imcpaZTgXoNnZoi36yFleG2XDgx3I2Zn4W2VYTVY.lxqxhFtsv/q'),
(2, NULL, NULL, NULL, 'KOPERINDAG', '$2a$12$sDg0zL85cey7G6EvS8vKjehQ7V3wA/eiDa8kJ2OyEReW4DYbSEDPm');

--
-- Indexes for dumped tables
--

--
-- Indeks untuk tabel `barangs`
--
ALTER TABLE `barangs`
  ADD PRIMARY KEY (`id_barang`),
  ADD KEY `idx_barangs_deleted_at` (`deleted_at`),
  ADD KEY `fk_categories_barangs` (`category_id`);

--
-- Indeks untuk tabel `barang_histories`
--
ALTER TABLE `barang_histories`
  ADD PRIMARY KEY (`id`),
  ADD KEY `idx_barang_histories_deleted_at` (`deleted_at`),
  ADD KEY `fk_barang_histories_barang` (`barang_id`);

--
-- Indeks untuk tabel `categories`
--
ALTER TABLE `categories`
  ADD PRIMARY KEY (`id`);

--
-- Indeks untuk tabel `category_markets`
--
ALTER TABLE `category_markets`
  ADD KEY `fk_category_markets_category` (`category_id`),
  ADD KEY `fk_category_markets_market` (`market_id`);

--
-- Indeks untuk tabel `markets`
--
ALTER TABLE `markets`
  ADD PRIMARY KEY (`id`),
  ADD KEY `idx_markets_deleted_at` (`deleted_at`);

--
-- Indeks untuk tabel `market_officers`
--
ALTER TABLE `market_officers`
  ADD PRIMARY KEY (`id`),
  ADD UNIQUE KEY `idx_market_officers_nik` (`nik`),
  ADD UNIQUE KEY `idx_market_officers_username` (`username`),
  ADD KEY `fk_market_officers_market` (`market_id`);

--
-- Indeks untuk tabel `prices`
--
ALTER TABLE `prices`
  ADD PRIMARY KEY (`id`),
  ADD KEY `idx_prices_deleted_at` (`deleted_at`),
  ADD KEY `fk_prices_market` (`market_id`),
  ADD KEY `fk_categories_prices` (`category_id`);

--
-- Indeks untuk tabel `price_histories`
--
ALTER TABLE `price_histories`
  ADD PRIMARY KEY (`id`);

--
-- Indeks untuk tabel `users`
--
ALTER TABLE `users`
  ADD PRIMARY KEY (`id`),
  ADD UNIQUE KEY `uni_users_username` (`username`),
  ADD KEY `idx_users_deleted_at` (`deleted_at`);

--
-- AUTO_INCREMENT untuk tabel yang dibuang
--

--
-- AUTO_INCREMENT untuk tabel `barangs`
--
ALTER TABLE `barangs`
  MODIFY `id_barang` bigint UNSIGNED NOT NULL AUTO_INCREMENT, AUTO_INCREMENT=102;

--
-- AUTO_INCREMENT untuk tabel `barang_histories`
--
ALTER TABLE `barang_histories`
  MODIFY `id` bigint UNSIGNED NOT NULL AUTO_INCREMENT, AUTO_INCREMENT=23;

--
-- AUTO_INCREMENT untuk tabel `categories`
--
ALTER TABLE `categories`
  MODIFY `id` bigint UNSIGNED NOT NULL AUTO_INCREMENT, AUTO_INCREMENT=78;

--
-- AUTO_INCREMENT untuk tabel `markets`
--
ALTER TABLE `markets`
  MODIFY `id` bigint UNSIGNED NOT NULL AUTO_INCREMENT, AUTO_INCREMENT=30;

--
-- AUTO_INCREMENT untuk tabel `market_officers`
--
ALTER TABLE `market_officers`
  MODIFY `id` bigint UNSIGNED NOT NULL AUTO_INCREMENT, AUTO_INCREMENT=37;

--
-- AUTO_INCREMENT untuk tabel `prices`
--
ALTER TABLE `prices`
  MODIFY `id` bigint UNSIGNED NOT NULL AUTO_INCREMENT, AUTO_INCREMENT=1049;

--
-- AUTO_INCREMENT untuk tabel `price_histories`
--
ALTER TABLE `price_histories`
  MODIFY `id` bigint UNSIGNED NOT NULL AUTO_INCREMENT, AUTO_INCREMENT=626;

--
-- AUTO_INCREMENT untuk tabel `users`
--
ALTER TABLE `users`
  MODIFY `id` bigint UNSIGNED NOT NULL AUTO_INCREMENT, AUTO_INCREMENT=3;

--
-- Ketidakleluasaan untuk tabel pelimpahan (Dumped Tables)
--

--
-- Ketidakleluasaan untuk tabel `barangs`
--
ALTER TABLE `barangs`
  ADD CONSTRAINT `fk_categories_barangs` FOREIGN KEY (`category_id`) REFERENCES `categories` (`id`);

--
-- Ketidakleluasaan untuk tabel `barang_histories`
--
ALTER TABLE `barang_histories`
  ADD CONSTRAINT `fk_barang_histories_barang` FOREIGN KEY (`barang_id`) REFERENCES `barangs` (`id_barang`) ON DELETE CASCADE;

--
-- Ketidakleluasaan untuk tabel `category_markets`
--
ALTER TABLE `category_markets`
  ADD CONSTRAINT `fk_category_markets_category` FOREIGN KEY (`category_id`) REFERENCES `categories` (`id`),
  ADD CONSTRAINT `fk_category_markets_market` FOREIGN KEY (`market_id`) REFERENCES `markets` (`id`);

--
-- Ketidakleluasaan untuk tabel `market_officers`
--
ALTER TABLE `market_officers`
  ADD CONSTRAINT `fk_market_officers_market` FOREIGN KEY (`market_id`) REFERENCES `markets` (`id`);

--
-- Ketidakleluasaan untuk tabel `prices`
--
ALTER TABLE `prices`
  ADD CONSTRAINT `fk_categories_prices` FOREIGN KEY (`category_id`) REFERENCES `categories` (`id`),
  ADD CONSTRAINT `fk_prices_market` FOREIGN KEY (`market_id`) REFERENCES `markets` (`id`);
COMMIT;

/*!40101 SET CHARACTER_SET_CLIENT=@OLD_CHARACTER_SET_CLIENT */;
/*!40101 SET CHARACTER_SET_RESULTS=@OLD_CHARACTER_SET_RESULTS */;
/*!40101 SET COLLATION_CONNECTION=@OLD_COLLATION_CONNECTION */;
